0.266645, -0.0941769, 0.771996, 3.13984, 1.70502, -3.13972, 0
0.266646, -0.0941768, 0.771987, 3.13984, 1.70511, -3.13972, 0.0148817
0.266646, -0.0941768, 0.771987, 3.13984, 1.70511, -3.13972, 0.0333392
0.266646, -0.0941768, 0.771987, 3.13984, 1.70511, -3.13972, 0.0328515
0.266646, -0.0941768, 0.771987, 3.13984, 1.70511, -3.13972, 0.0328267
0.266646, -0.0941768, 0.771987, 3.13984, 1.70511, -3.13972, 0.0333904
0.267964, -0.0941758, 0.764434, 3.14052, 1.78179, -3.1404, 0.0328242
0.269769, -0.0941746, 0.757297, 3.14084, 1.85543, -3.1407, 0.0332259
0.270809, -0.094174, 0.753961, 3.14093, 1.89038, -3.1408, 0.0327676
0.271642, -0.0941736, 0.751549, 3.14099, 1.91589, -3.14085, 0.0331297
0.273846, -0.0941725, 0.745952, 3.14111, 1.97606, -3.14096, 0.0326339
0.275196, -0.0941718, 0.742943, 3.14116, 2.00903, -3.141, 0.0335745
0.279016, -0.0941701, 0.7356, 3.14126, 2.09183, -3.14109, 0.0327478
0.28188, -0.094169, 0.730912, 3.14131, 2.14678, -3.14113, 0.0330593
0.28497, -0.0941678, 0.726427, 3.14135, 2.20125, -3.14117, 0.0330551
0.288065, -0.0941666, 0.722405, 3.14138, 2.252, -3.14119, 0.0328106
0.289642, -0.094166, 0.720508, 3.1414, 2.27667, -3.14121, 0.0326834
0.289642, -0.094166, 0.720508, 3.1414, 2.27667, -3.14121, 0.033352
0.292931, -0.0941648, 0.716836, 3.14143, 2.32597, -3.14123, 0.0331758
0.294628, -0.0941642, 0.715077, 3.14144, 2.35042, -3.14124, 0.0329376
0.298173, -0.094163, 0.711663, 3.14146, 2.39964, -3.14125, 0.0329875
0.301833, -0.0941618, 0.708468, 3.14148, 2.44823, -3.14127, 0.0332217
0.306973, -0.0941601, 0.704472, 3.14151, 2.51334, -3.14128, 0.0323641
0.312546, -0.0941583, 0.700703, 3.14153, 2.58063, -3.1413, 0.0337391
0.318053, -0.0941566, 0.697483, 3.14156, 2.64444, -3.14131, 0.0325648
0.323484, -0.094155, 0.694747, 3.14157, 2.70526, -3.14132, 0.033772
0.32706, -0.0941539, 0.693164, 3.14159, 2.74437, -3.14132, 0.0323593
0.332241, -0.0941524, 0.691158, 9.87274e-06, 0.34166, 0.000265881, 0.0330972
0.335552, -0.0941515, 0.690045, 1.96121e-05, 0.306726, 0.000262779, 0.0329162
0.339857, -0.0941503, 0.688787, 3.18093e-05, 0.26187, 0.00025936, 0.0330936
0.343001, -0.0941494, 0.687999, 4.04398e-05, 0.229455, 0.000257262, 0.0330387
0.344531, -0.094149, 0.687654, 4.45676e-05, 0.213771, 0.000256355, 0.0330366
0.348637, -0.0941479, 0.686852, 5.54469e-05, 0.171939, 0.000254272, 0.0327202
0.352685, -0.0941468, 0.686234, 6.59464e-05, 0.130982, 0.000252689, 0.0329472
0.35545, -0.0941461, 0.685909, 7.30157e-05, 0.103146, 0.000251865, 0.0328094
0.359296, -0.0941451, 0.685586, 8.27548e-05, 0.0645415, 0.000251051, 0.0336009
0.360533, -0.0941448, 0.685514, 8.58695e-05, 0.052149, 0.00025087, 0.0327325
0.363027, -0.0941441, 0.685415, 9.21318e-05, 0.0271891, 0.000250623, 0.0330649
0.364219, -0.0941438, 0.685389, 9.51184e-05, 0.0152709, 0.00025056, 0.0329582
0.368003, -0.0941429, 0.685403, 0.000104599, -0.0225727, 0.000250597, 0.0329036
0.370469, -0.0941423, 0.685489, 0.000110787, -0.0472469, 0.000250814, 0.0328188
0.373276, -0.0941416, 0.685662, 0.00011786, -0.0753743, 0.000251249, 0.033103
0.384518, -0.0941389, 0.687156, 0.000146817, -0.188841, 0.000255076, 0.0333663
0.389894, -0.0941377, 0.688337, 0.000161278, -0.243893, 0.000258185, 0.0338891
0.3922, -0.0941372, 0.68894, 0.000167658, -0.26773, 0.000259801, 0.0319397
0.394406, -0.0941367, 0.689573, 0.000173878, -0.290673, 0.000261517, 0.0328564
0.398117, -0.0941359, 0.690762, 0.000184645, -0.329648, 0.000264807, 0.0341907
0.401739, -0.0941351, 0.69208, 0.000195582, -0.368197, 0.000268549, 0.0316478
0.402264, -0.094135, 0.692284, 0.000197205, -0.373824, 0.000269138, 0.0337558
0.402264, -0.094135, 0.692284, 0.000197205, -0.373824, 0.000269138, 0.0330926
0.41056, -0.0941333, 0.695981, 0.000224517, -0.464684, 0.000280274, 0.0322784
0.412654, -0.0941329, 0.697062, 0.000231994, -0.488249, 0.000283705, 0.0330137
0.412654, -0.0941329, 0.697062, 0.000231994, -0.488249, 0.000283705, 0.0330632
0.414061, -0.0941326, 0.697824, 0.000237178, -0.504251, 0.000286175, 0.032806
0.417094, -0.094132, 0.699568, 0.000248841, -0.539236, 0.000291991, 0.0329744
0.418667, -0.0941317, 0.700528, 0.000255182, -0.557665, 0.000295299, 0.0337763
0.420015, -0.0941314, 0.701385, 0.000260798, -0.573642, 0.00029831, 0.0320735
0.420015, -0.0941314, 0.701385, 0.000260798, -0.573642, 0.00029831, 0.0332281
0.420181, -0.0941314, 0.701492, 0.000261498, -0.575613, 0.000298691, 0.0330085
0.420181, -0.0941314, 0.701492, 0.000261498, -0.575613, 0.000298691, 0.032977
0.420181, -0.0941314, 0.701492, 0.000261498, -0.575613, 0.000298691, 0.033526
0.420181, -0.0941314, 0.701492, 0.000261498, -0.575613, 0.000298691, 0.0345941
0.420181, -0.0941314, 0.701492, 0.000261498, -0.575613, 0.000298691, 0.0307124
0.422788, -0.0941309, 0.703242, 0.000272914, -0.607013, 0.000305058, 0.0330726
0.422788, -0.0941309, 0.703242, 0.000272914, -0.607013, 0.000305058, 0.0332174
0.424176, -0.0941307, 0.704224, 0.000279304, -0.624017, 0.000308749, 0.0327615
0.424176, -0.0941307, 0.704224, 0.000279304, -0.624017, 0.000308749, 0.033805
0.425442, -0.0941305, 0.705151, 0.000285343, -0.639712, 0.000312318, 0.033438
0.426738, -0.0941302, 0.706132, 0.000291747, -0.655963, 0.000316184, 0.0317004
0.427983, -0.09413, 0.707106, 0.000298131, -0.67177, 0.000320119, 0.0331617
0.427983, -0.09413, 0.707106, 0.000298131, -0.67177, 0.000320119, 0.0330706
0.427983, -0.09413, 0.707106, 0.000298131, -0.67177, 0.000320119, 0.0338262
0.427983, -0.09413, 0.707106, 0.000298131, -0.67177, 0.000320119, 0.0322268
0.427983, -0.09413, 0.707106, 0.000298131, -0.67177, 0.000320119, 0.0342715
0.427983, -0.09413, 0.707106, 0.000298131, -0.67177, 0.000320119, 0.0319197
0.427983, -0.09413, 0.707106, 0.000298131, -0.67177, 0.000320119, 0.032658
0.427983, -0.09413, 0.707106, 0.000298131, -0.67177, 0.000320119, 0.0343657
0.430336, -0.0941296, 0.709036, 0.000310891, -0.702209, 0.000328215, 0.0319554
0.430336, -0.0941296, 0.709036, 0.000310891, -0.702209, 0.000328215, 0.0336239
0.432623, -0.0941292, 0.711031, 0.000324286, -0.732561, 0.000337026, 0.0243974
0.432623, -0.0941292, 0.711031, 0.000324286, -0.732561, 0.000337026, 6.52034
0.432623, -0.0941292, 0.711031, 0.000324286, -0.732561, 0.000337026, 0.0209762
0.432623, -0.0941292, 0.711031, 0.000324286, -0.732561, 0.000337026, 0.0342931
0.432623, -0.0941292, 0.711031, 0.000324286, -0.732561, 0.000337026, 0.03245
0.43054, -0.0941296, 0.709209, 0.000312054, -0.704885, 0.000328965, 0.0328572
0.428534, -0.0941299, 0.707546, 0.000301041, -0.678822, 0.000321938, 0.0328267
0.42649, -0.0941303, 0.705941, 0.000290513, -0.652837, 0.000315434, 0.034556
0.42439, -0.0941306, 0.704379, 0.000280322, -0.626662, 0.000309349, 0.0317518
0.422272, -0.094131, 0.702887, 0.000270609, -0.600754, 0.000303755, 0.032556
0.420354, -0.0941314, 0.701605, 0.000262247, -0.577685, 0.000299107, 0.0330537
0.418233, -0.0941318, 0.700259, 0.000253421, -0.552562, 0.00029438, 0.0361852
0.416104, -0.0941322, 0.698983, 0.000244965, -0.527741, 0.000290031, 0.0312716
0.412243, -0.0941329, 0.696845, 0.000230514, -0.483607, 0.000283029, 0.0315763
0.410132, -0.0941334, 0.695768, 0.000223028, -0.459898, 0.000279626, 0.0348846
0.407489, -0.0941339, 0.694507, 0.00021402, -0.430615, 0.000275746, 0.0322437
0.400325, -0.0941354, 0.691547, 0.000191262, -0.353083, 0.000267048, 0.0318152
0.400325, -0.0941354, 0.691547, 0.000191262, -0.353083, 0.000267048, 0.0336098
0.398156, -0.0941359, 0.690776, 0.000184766, -0.330064, 0.000264871, 0.034347
0.393867, -0.0941368, 0.689413, 0.000172351, -0.285059, 0.000261111, 0.0314002
0.389667, -0.0941378, 0.688281, 0.000160657, -0.241554, 0.000258067, 0.0352866
0.389667, -0.0941378, 0.688281, 0.000160657, -0.241554, 0.000258067, 0.0306471
0.387643, -0.0941382, 0.687805, 0.000155158, -0.220756, 0.000256806, 0.0329407
0.387643, -0.0941382, 0.687805, 0.000155158, -0.220756, 0.000256806, 0.035483
0.384511, -0.0941389, 0.687154, 0.000146799, -0.188772, 0.000255106, 0.0303646
0.384511, -0.0941389, 0.687154, 0.000146799, -0.188772, 0.000255106, 0.0327238
0.380541, -0.0941399, 0.686478, 0.000136416, -0.148501, 0.000253363, 0.0332736
0.379352, -0.0941401, 0.686308, 0.000133343, -0.13648, 0.000252926, 0.0341748
0.377381, -0.0941406, 0.686057, 0.000128284, -0.116612, 0.000252287, 0.0317174
0.37415, -0.0941414, 0.685732, 0.000120067, -0.0841444, 0.000251464, 0.0337731
0.37415, -0.0941414, 0.685732, 0.000120067, -0.0841444, 0.000251464, 0.032404
0.37415, -0.0941414, 0.685732, 0.000120067, -0.0841444, 0.000251464, 0.033
0.37415, -0.0941414, 0.685732, 0.000120067, -0.0841444, 0.000251464, 0.0348424
0.370885, -0.0941422, 0.68551, 0.000111828, -0.0514106, 0.000250905, 0.0310887
0.370885, -0.0941422, 0.68551, 0.000111828, -0.0514106, 0.000250905, 0.0349457
0.370885, -0.0941422, 0.68551, 0.000111828, -0.0514106, 0.000250905, 0.0321381
0.370885, -0.0941422, 0.68551, 0.000111828, -0.0514106, 0.000250905, 0.0338384
0.369016, -0.0941426, 0.685431, 0.000107135, -0.0327105, 0.000250708, 0.0308596
0.365728, -0.0941435, 0.685378, 9.88916e-05, 0.000180639, 0.000250573, 0.0332607
0.365728, -0.0941435, 0.685378, 9.88916e-05, 0.000180639, 0.000250573, 0.0339477
0.365728, -0.0941435, 0.685378, 9.88916e-05, 0.000180639, 0.000250573, 0.0325532
0.36397, -0.0941439, 0.685394, 9.44875e-05, 0.017758, 0.000250613, 0.032436
0.360727, -0.0941447, 0.685504, 8.63468e-05, 0.0502125, 0.000250889, 0.0330187
0.360727, -0.0941447, 0.685504, 8.63468e-05, 0.0502125, 0.000250889, 0.0331336
0.359134, -0.0941451, 0.685597, 8.2337e-05, 0.0661633, 0.000251122, 0.0327551
0.357442, -0.0941456, 0.685723, 7.80616e-05, 0.083134, 0.000251441, 0.0329649
0.357442, -0.0941456, 0.685723, 7.80616e-05, 0.083134, 0.000251441, 0.0330591
0.357442, -0.0941456, 0.685723, 7.80616e-05, 0.083134, 0.000251441, 0.0334687
0.357442, -0.0941456, 0.685723, 7.80616e-05, 0.083134, 0.000251441, 0.0331624
0.354172, -0.0941464, 0.68605, 6.97446e-05, 0.116001, 0.000252267, 0.032919
0.354172, -0.0941464, 0.68605, 6.97446e-05, 0.116001, 0.000252267, 0.0343235
0.354172, -0.0941464, 0.68605, 6.97446e-05, 0.116001, 0.000252267, 0.0338056
0.350899, -0.0941473, 0.686486, 6.13236e-05, 0.149024, 0.00025338, 0.0323135
0.350899, -0.0941473, 0.686486, 6.13236e-05, 0.149024, 0.00025338, 0.0329106
0.350899, -0.0941473, 0.686486, 6.13236e-05, 0.149024, 0.00025338, 0.0309168
0.347682, -0.0941481, 0.687023, 5.29249e-05, 0.181638, 0.000254762, 0.0331022
0.347682, -0.0941481, 0.687023, 5.29249e-05, 0.181638, 0.000254762, 0.0343397
0.347682, -0.0941481, 0.687023, 5.29249e-05, 0.181638, 0.000254762, 0.0335454
0.347682, -0.0941481, 0.687023, 5.29249e-05, 0.181638, 0.000254762, 0.0320856
0.347682, -0.0941481, 0.687023, 5.29249e-05, 0.181638, 0.000254762, 0.0330902
0.347682, -0.0941481, 0.687023, 5.29249e-05, 0.181638, 0.000254762, 0.0325726
0.345848, -0.0941486, 0.687377, 4.80708e-05, 0.200315, 0.000255683, 0.0337458
0.344048, -0.0941491, 0.68776, 4.32507e-05, 0.218722, 0.000256685, 0.0318748
0.344048, -0.0941491, 0.68776, 4.32507e-05, 0.218722, 0.000256685, 0.0339856
0.340758, -0.09415, 0.68855, 3.4284e-05, 0.252559, 0.000258779, 0.0336966
0.338886, -0.0941506, 0.689053, 2.9078e-05, 0.271942, 0.000260128, 0.0330436
0.338886, -0.0941506, 0.689053, 2.9078e-05, 0.271942, 0.000260128, 0.0312782
0.33695, -0.0941511, 0.689613, 2.36055e-05, 0.292093, 0.000261651, 0.0332893
0.334909, -0.0941517, 0.690251, 1.77262e-05, 0.313474, 0.000263404, 0.0331409
0.334909, -0.0941517, 0.690251, 1.77262e-05, 0.313474, 0.000263404, 0.0335944
0.332871, -0.0941522, 0.690936, 1.17295e-05, 0.33498, 0.000265315, 0.0321758
0.33078, -0.0941528, 0.69169, 5.43721e-06, 0.357205, 0.000267449, 0.0349248
0.328655, -0.0941535, 0.692511, 3.14159, 2.76161, -3.14132, 0.0316317
0.326534, -0.0941541, 0.693386, 3.14158, 2.73866, -3.14132, 0.0327447
0.326534, -0.0941541, 0.693386, 3.14158, 2.73866, -3.14132, 0.0324505
0.326534, -0.0941541, 0.693386, 3.14158, 2.73866, -3.14132, 0.0340771
0.326534, -0.0941541, 0.693386, 3.14158, 2.73866, -3.14132, 0.034728
0.324337, -0.0941547, 0.694354, 3.14158, 2.71465, -3.14132, 0.0307939
0.322108, -0.0941554, 0.695402, 3.14157, 2.69002, -3.14131, 0.0323901
0.319876, -0.0941561, 0.696518, 3.14156, 2.66506, -3.14131, 0.0329675
0.315308, -0.0941574, 0.69903, 3.14155, 2.61293, -3.1413, 0.0329906
0.312994, -0.0941582, 0.700423, 3.14154, 2.58591, -3.1413, 0.0336877
0.31068, -0.0941589, 0.701904, 3.14153, 2.55844, -3.14129, 0.033724
0.31068, -0.0941589, 0.701904, 3.14153, 2.55844, -3.14129, 0.0342476
0.308425, -0.0941596, 0.703437, 3.14152, 2.53117, -3.14129, 0.0334411
0.306095, -0.0941604, 0.705117, 3.14151, 2.50245, -3.14128, 0.0310323
0.303861, -0.0941611, 0.706827, 3.14149, 2.47432, -3.14127, 0.0325116
0.303414, -0.0941612, 0.707181, 3.14149, 2.46862, -3.14127, 0.0346899
0.301167, -0.094162, 0.709026, 3.14148, 2.43953, -3.14126, 0.0315585
0.301167, -0.094162, 0.709026, 3.14148, 2.43953, -3.14126, 0.0330831
0.301167, -0.094162, 0.709026, 3.14148, 2.43953, -3.14126, 0.0319787
0.301167, -0.094162, 0.709026, 3.14148, 2.43953, -3.14126, 0.0330636
0.301167, -0.094162, 0.709026, 3.14148, 2.43953, -3.14126, 0.0329421
0.301167, -0.094162, 0.709026, 3.14148, 2.43953, -3.14126, 0.0334939
0.29901, -0.0941627, 0.710904, 3.14147, 2.41094, -3.14126, 0.0324854
0.296882, -0.0941634, 0.712867, 3.14145, 2.38198, -3.14125, 0.0331272
0.296882, -0.0941634, 0.712867, 3.14145, 2.38198, -3.14125, 0.0340276
0.296882, -0.0941634, 0.712867, 3.14145, 2.38198, -3.14125, 0.0318658
0.296882, -0.0941634, 0.712867, 3.14145, 2.38198, -3.14125, 0.0331349
0.296882, -0.0941634, 0.712867, 3.14145, 2.38198, -3.14125, 0.0355218
0.296882, -0.0941634, 0.712867, 3.14145, 2.38198, -3.14125, 0.0327888
0.296882, -0.0941634, 0.712867, 3.14145, 2.38198, -3.14125, 0.0306981
0.294782, -0.0941642, 0.714921, 3.14144, 2.35261, -3.14124, 0.0349448
0.294782, -0.0941642, 0.714921, 3.14144, 2.35261, -3.14124, 0.0320665
0.292746, -0.0941649, 0.717033, 3.14142, 2.32327, -3.14123, 0.0321687
0.290775, -0.0941656, 0.719201, 3.14141, 2.29397, -3.14121, 0.0327907
0.290775, -0.0941656, 0.719201, 3.14141, 2.29397, -3.14121, 0.0327459
0.28888, -0.0941663, 0.721412, 3.14139, 2.26484, -3.1412, 0.0330688
0.28888, -0.0941663, 0.721412, 3.14139, 2.26484, -3.1412, 0.0331216
0.28888, -0.0941663, 0.721412, 3.14139, 2.26484, -3.1412, 0.0327303
0.28888, -0.0941663, 0.721412, 3.14139, 2.26484, -3.1412, 0.0343879
0.286991, -0.094167, 0.723752, 3.14137, 2.23478, -3.14119, 0.0335238
0.286991, -0.094167, 0.723752, 3.14137, 2.23478, -3.14119, 0.0326685
0.28339, -0.0941684, 0.728654, 3.14133, 2.17394, -3.14115, 0.0316416
0.283237, -0.0941684, 0.728877, 3.14133, 2.17124, -3.14115, 0.0330053
0.281495, -0.0941691, 0.731509, 3.1413, 2.13967, -3.14113, 0.0337408
0.281495, -0.0941691, 0.731509, 3.1413, 2.13967, -3.14113, 0.0321827
0.281495, -0.0941691, 0.731509, 3.1413, 2.13967, -3.14113, 0.0343447
0.279859, -0.0941698, 0.734159, 3.14127, 2.10853, -3.1411, 0.0319405
0.279859, -0.0941698, 0.734159, 3.14127, 2.10853, -3.1411, 0.0338892
0.279859, -0.0941698, 0.734159, 3.14127, 2.10853, -3.1411, 0.0334217
0.278327, -0.0941704, 0.736819, 3.14124, 2.07783, -3.14108, 0.0315843
0.278327, -0.0941704, 0.736819, 3.14124, 2.07783, -3.14108, 0.032603
0.278327, -0.0941704, 0.736819, 3.14124, 2.07783, -3.14108, 0.0333384
0.278327, -0.0941704, 0.736819, 3.14124, 2.07783, -3.14108, 0.0328755
0.276911, -0.0941711, 0.739461, 3.14121, 2.04785, -3.14105, 0.0329582
0.274013, -0.0941724, 0.745566, 3.14111, 1.98026, -3.14096, 0.0329602
0.27252, -0.0941731, 0.749198, 3.14105, 1.94099, -3.1409, 0.0344434
0.27252, -0.0941731, 0.749198, 3.14105, 1.94099, -3.1409, 0.0334383
0.27252, -0.0941731, 0.749198, 3.14105, 1.94099, -3.1409, 0.0328284
0.27252, -0.0941731, 0.749198, 3.14105, 1.94099, -3.1409, 0.0315104
0.27252, -0.0941731, 0.749198, 3.14105, 1.94099, -3.1409, 0.0338936
0.27252, -0.0941731, 0.749198, 3.14105, 1.94099, -3.1409, 0.0341523
0.271466, -0.0941737, 0.752042, 3.14098, 1.91066, -3.14084, 0.0305629
0.271466, -0.0941737, 0.752042, 3.14098, 1.91066, -3.14084, 0.0334748
0.271466, -0.0941737, 0.752042, 3.14098, 1.91066, -3.14084, 0.0327645
0.271466, -0.0941737, 0.752042, 3.14098, 1.91066, -3.14084, 0.033006
0.271466, -0.0941737, 0.752042, 3.14098, 1.91066, -3.14084, 0.0341734
0.271466, -0.0941737, 0.752042, 3.14098, 1.91066, -3.14084, 0.0326589
0.271466, -0.0941737, 0.752042, 3.14098, 1.91066, -3.14084, 0.0320622
0.271466, -0.0941737, 0.752042, 3.14098, 1.91066, -3.14084, 0.0330526
0.271466, -0.0941737, 0.752042, 3.14098, 1.91066, -3.14084, 0.0341615
0.271466, -0.0941737, 0.752042, 3.14098, 1.91066, -3.14084, 0.0328228
0.271466, -0.0941737, 0.752042, 3.14098, 1.91066, -3.14084, 0.0319006
0.271466, -0.0941737, 0.752042, 3.14098, 1.91066, -3.14084, 0.0348816
0.271466, -0.0941737, 0.752042, 3.14098, 1.91066, -3.14084, 0.0327599
0.270524, -0.0941742, 0.754836, 3.14091, 1.88117, -3.14077, 0.0331759
0.270524, -0.0941742, 0.754836, 3.14091, 1.88117, -3.14077, 0.033187
0.270524, -0.0941742, 0.754836, 3.14091, 1.88117, -3.14077, 0.032703
0.270524, -0.0941742, 0.754836, 3.14091, 1.88117, -3.14077, 0.0319063
0.270524, -0.0941742, 0.754836, 3.14091, 1.88117, -3.14077, 0.0341097
0.270524, -0.0941742, 0.754836, 3.14091, 1.88117, -3.14077, 0.0325207
0.270524, -0.0941742, 0.754836, 3.14091, 1.88117, -3.14077, 0.0342312
0.270524, -0.0941742, 0.754836, 3.14091, 1.88117, -3.14077, 0.0323079
0.270524, -0.0941742, 0.754836, 3.14091, 1.88117, -3.14077, 0.0319263
0.270524, -0.0941742, 0.754836, 3.14091, 1.88117, -3.14077, 0.032515
0.270524, -0.0941742, 0.754836, 3.14091, 1.88117, -3.14077, 0.0329349
0.270524, -0.0941742, 0.754836, 3.14091, 1.88117, -3.14077, 0.0336744
0.270524, -0.0941742, 0.754836, 3.14091, 1.88117, -3.14077, 0.0328582
0.270524, -0.0941742, 0.754836, 3.14091, 1.88117, -3.14077, 0.0334074
0.270524, -0.0941742, 0.754836, 3.14091, 1.88117, -3.14077, 0.0325307
0.269345, -0.0941749, 0.75879, 3.14078, 1.83991, -3.14065, 0.034867
0.269345, -0.0941749, 0.75879, 3.14078, 1.83991, -3.14065, 0.0337003
0.268613, -0.0941753, 0.761605, 3.14067, 1.81083, -3.14054, 0.0302701
0.267446, -0.0941762, 0.767016, 3.14035, 1.75546, -3.14023, 0.0330472
0.266432, -0.0941771, 0.773682, 3.13956, 1.68802, -3.13945, 0.0325878
0.266432, -0.0941771, 0.773682, 3.13956, 1.68802, -3.13945, 0.0333208
0.266432, -0.0941771, 0.773682, 3.13956, 1.68802, -3.13945, 0.0330747
0.266432, -0.0941771, 0.773682, 3.13956, 1.68802, -3.13945, 0.0330389
0.266432, -0.0941771, 0.773682, 3.13956, 1.68802, -3.13945, 0.0329628
0.266432, -0.0941771, 0.773682, 3.13956, 1.68802, -3.13945, 0.033951
0.266167, -0.0941774, 0.776207, 3.13897, 1.66263, -3.13886, 0.0318156
0.266167, -0.0941774, 0.776207, 3.13897, 1.66263, -3.13886, 0.0337456
0.266167, -0.0941774, 0.776207, 3.13897, 1.66263, -3.13886, 0.0322409
0.266167, -0.0941774, 0.776207, 3.13897, 1.66263, -3.13886, 0.0328974
0.266167, -0.0941774, 0.776207, 3.13897, 1.66263, -3.13886, 0.0341121
0.266167, -0.0941774, 0.776207, 3.13897, 1.66263, -3.13886, 0.0329122
0.266167, -0.0941774, 0.776207, 3.13897, 1.66263, -3.13886, 0.0320216
0.266167, -0.0941774, 0.776207, 3.13897, 1.66263, -3.13886, 0.0335064
0.265799, -0.0941781, 0.782123, 3.134, 1.60335, -3.1339, 0.0337266
0.265749, -0.0941783, 0.784576, 3.11046, 1.57882, -3.11036, 0.0342941
0.265749, -0.0941783, 0.784576, 3.11046, 1.57882, -3.11036, 0.0340156
0.265749, -0.0941783, 0.784576, 3.11046, 1.57882, -3.11036, 0.0302718
0.265757, -0.0941786, 0.786891, 0.0166486, 1.58593, -0.0165515, 0.0342403
0.265757, -0.0941786, 0.786891, 0.0166486, 1.58593, -0.0165515, 0.0315349
0.265757, -0.0941786, 0.786891, 0.0166486, 1.58593, -0.0165515, 0.0339434
0.265757, -0.0941786, 0.786891, 0.0166486, 1.58593, -0.0165515, 0.031489
0.265757, -0.0941786, 0.786891, 0.0166486, 1.58593, -0.0165515, 0.0344779
0.265757, -0.0941786, 0.786891, 0.0166486, 1.58593, -0.0165515, 0.0314582
0.265757, -0.0941786, 0.786891, 0.0166486, 1.58593, -0.0165515, 0.0330927
0.265757, -0.0941786, 0.786891, 0.0166486, 1.58593, -0.0165515, 0.0334473
0.265903, -0.0941789, 0.790985, 0.00456004, 1.6269, -0.0044681, 0.0332741
0.266455, -0.0941794, 0.797262, 0.00219209, 1.68992, -0.00210806, 0.0323871
0.266724, -0.0941795, 0.799327, 0.00187742, 1.71074, -0.00179601, 0.0329939
0.266724, -0.0941795, 0.799327, 0.00187742, 1.71074, -0.00179601, 0.0325959
0.266724, -0.0941795, 0.799327, 0.00187742, 1.71074, -0.00179601, 0.035612
0.267019, -0.0941797, 0.801287, 0.00165365, 1.73056, -0.00157474, 0.0321478
0.267339, -0.0941798, 0.803158, 0.00148552, 1.74955, -0.00140901, 0.0331769
0.267744, -0.0941799, 0.805267, 0.00133341, 1.77102, -0.00125961, 0.0313697
0.267744, -0.0941799, 0.805267, 0.00133341, 1.77102, -0.00125961, 0.0337398
0.267744, -0.0941799, 0.805267, 0.00133341, 1.77102, -0.00125961, 0.0325278
0.267744, -0.0941799, 0.805267, 0.00133341, 1.77102, -0.00125961, 0.0330078
0.267744, -0.0941799, 0.805267, 0.00133341, 1.77102, -0.00125961, 0.0339664
0.268122, -0.09418, 0.807049, 0.00122754, 1.78924, -0.00115605, 0.0323561
0.269053, -0.0941801, 0.810882, 0.00104877, 1.82869, -0.000982288, 0.0334793
0.270313, -0.0941802, 0.815252, 0.000899255, 1.87418, -0.000838591, 0.0319583
0.270795, -0.0941802, 0.816752, 0.000857142, 1.88993, -0.000798501, 0.0326022
0.272072, -0.0941803, 0.820381, 0.000769408, 1.9284, -0.000715729, 0.0334393
0.272072, -0.0941803, 0.820381, 0.000769408, 1.9284, -0.000715729, 0.0330024
0.272574, -0.0941803, 0.821697, 0.000741657, 1.94249, -0.000689803, 0.0328076
0.273455, -0.0941803, 0.82388, 0.000699481, 1.96603, -0.000650688, 0.0332858
0.273455, -0.0941803, 0.82388, 0.000699481, 1.96603, -0.000650688, 0.0329549
0.273455, -0.0941803, 0.82388, 0.000699481, 1.96603, -0.000650688, 0.0330426
0.273455, -0.0941803, 0.82388, 0.000699481, 1.96603, -0.000650688, 0.0329298
0.273455, -0.0941803, 0.82388, 0.000699481, 1.96603, -0.000650688, 0.0329284
0.273455, -0.0941803, 0.82388, 0.000699481, 1.96603, -0.000650688, 0.0330075
0.273455, -0.0941803, 0.82388, 0.000699481, 1.96603, -0.000650688, 0.0331407
0.273455, -0.0941803, 0.82388, 0.000699481, 1.96603, -0.000650688, 0.0324824
0.273455, -0.0941803, 0.82388, 0.000699481, 1.96603, -0.000650688, 0.0333979
0.273455, -0.0941803, 0.82388, 0.000699481, 1.96603, -0.000650688, 0.0330453
0.273455, -0.0941803, 0.82388, 0.000699481, 1.96603, -0.000650688, 0.0353437
0.273455, -0.0941803, 0.82388, 0.000699481, 1.96603, -0.000650688, 0.0303893
0.273455, -0.0941803, 0.82388, 0.000699481, 1.96603, -0.000650688, 0.0331904
0.273455, -0.0941803, 0.82388, 0.000699481, 1.96603, -0.000650688, 0.0330681
0.273455, -0.0941803, 0.82388, 0.000699481, 1.96603, -0.000650688, 0.0328112
0.273962, -0.0941803, 0.825074, 0.000678222, 1.979, -0.000631122, 0.0333217
0.275938, -0.0941802, 0.829361, 0.000610508, 2.02621, -0.000569609, 0.0325955
0.275938, -0.0941802, 0.829361, 0.000610508, 2.02621, -0.000569609, 0.0327308
0.275938, -0.0941802, 0.829361, 0.000610508, 2.02621, -0.000569609, 0.035965
0.275938, -0.0941802, 0.829361, 0.000610508, 2.02621, -0.000569609, 0.0308411
0.276425, -0.0941802, 0.830343, 0.000596628, 2.03717, -0.000557179, 0.0324935
0.277466, -0.0941801, 0.832352, 0.000569795, 2.0598, -0.00053335, 0.0340478
0.277948, -0.0941801, 0.833247, 0.000558474, 2.06996, -0.000523384, 0.0330943
0.277948, -0.0941801, 0.833247, 0.000558474, 2.06996, -0.000523384, 0.0327586
0.27841, -0.0941801, 0.834086, 0.000548183, 2.07954, -0.000514373, 0.0346948
0.27997, -0.0941799, 0.836783, 0.000517013, 2.1107, -0.000487391, 0.0319156
0.27997, -0.0941799, 0.836783, 0.000517013, 2.1107, -0.000487391, 0.0345399
0.27997, -0.0941799, 0.836783, 0.000517013, 2.1107, -0.000487391, 0.0302239
0.280388, -0.0941799, 0.837474, 0.000509466, 2.11877, -0.000480935, 0.0323688
0.280388, -0.0941799, 0.837474, 0.000509466, 2.11877, -0.000480935, 0.0348392
0.284042, -0.0941795, 0.843036, 0.000454003, 2.18534, -0.000434568, 0.0314098
0.287118, -0.0941792, 0.847165, 0.000417828, 2.23683, -0.000405566, 0.0327359
0.288849, -0.0941789, 0.849306, 0.000400386, 2.26436, -0.000392016, 0.0353412
0.293585, -0.0941783, 0.854608, 0.00036027, 2.33547, -0.000362174, 0.0324055
0.293585, -0.0941783, 0.854608, 0.00036027, 2.33547, -0.000362174, 0.031937
0.296912, -0.0941778, 0.857917, 0.000337228, 2.3824, -0.000346272, 0.033277
0.300171, -0.0941772, 0.860876, 0.00031566, 2.42642, -0.000330327, 0.0344618
0.300171, -0.0941772, 0.860876, 0.00031566, 2.42642, -0.000330327, 0.0308165
0.300171, -0.0941772, 0.860876, 0.00031566, 2.42642, -0.000330327, 0.033076
0.300171, -0.0941772, 0.860876, 0.00031566, 2.42642, -0.000330327, 0.0330764
0.305293, -0.0941764, 0.865036, 0.000288877, 2.49241, -0.000314153, 0.0327758
0.306943, -0.0941761, 0.866262, 0.000280917, 2.51298, -0.000309445, 0.0332442
0.310394, -0.0941754, 0.868661, 0.000265333, 2.555, -0.000300593, 0.0355789
0.313676, -0.0941748, 0.870752, 0.000251647, 2.59392, -0.000293263, 0.0312368
0.31716, -0.0941742, 0.872781, 0.000238127, 2.63424, -0.000286474, 0.0322009
0.318923, -0.0941738, 0.873738, 0.000231626, 2.6543, -0.000283379, 0.0329434
0.318923, -0.0941738, 0.873738, 0.000231626, 2.6543, -0.000283379, 0.0337996
0.31858, -0.0941739, 0.873556, 0.000232874, 2.65042, -0.000283964, 0.0331175
0.31858, -0.0941739, 0.873556, 0.000232874, 2.65042, -0.000283964, 0.0330505
0.322033, -0.0941732, 0.875318, 0.000220638, 2.68919, -0.000278413, 0.0333049
0.327204, -0.0941721, 0.877652, 0.000203529, 2.74593, -0.000271382, 0.031791
0.329468, -0.0941717, 0.878565, 0.000196419, 2.77034, -0.000268726, 0.033066
0.329468, -0.0941717, 0.878565, 0.000196419, 2.77034, -0.000268726, 0.0337628
0.329468, -0.0941717, 0.878565, 0.000196419, 2.77034, -0.000268726, 0.0338828
0.329468, -0.0941717, 0.878565, 0.000196419, 2.77034, -0.000268726, 0.0312848
0.329468, -0.0941717, 0.878565, 0.000196419, 2.77034, -0.000268726, 0.0329682
0.331191, -0.0941713, 0.879218, 0.000191143, 2.78877, -0.00026686, 0.0327473
0.331822, -0.0941712, 0.879448, 0.000189237, 2.79548, -0.000266209, 0.0359902
0.331822, -0.0941712, 0.879448, 0.000189237, 2.79548, -0.000266209, 0.0302592
0.333567, -0.0941708, 0.880059, 0.000184037, 2.81398, -0.000264492, 0.0329307
0.334246, -0.0941706, 0.880287, 0.000182041, 2.82114, -0.000263858, 0.0350783
0.339367, -0.0941695, 0.881836, 0.000167412, 2.87464, -0.000259627, 0.0317147
0.342057, -0.0941689, 0.882531, 0.000159986, 2.90243, -0.00025777, 0.0326985
0.344801, -0.0941683, 0.88316, 0.000152564, 2.93058, -0.000256116, 0.0339228
0.345742, -0.0941681, 0.883357, 0.00015005, 2.9402, -0.000255602, 0.0337766
0.352287, -0.0941665, 0.884468, 0.000132933, 3.00659, -0.00025274, 0.031359
0.353433, -0.0941663, 0.884617, 0.000129989, 3.01815, -0.000252362, 0.0332748
0.359492, -0.0941648, 0.885182, 0.000114606, 3.07901, -0.000250936, 0.0327042
0.359492, -0.0941648, 0.885182, 0.000114606, 3.07901, -0.000250936, 0.0322746
0.362192, -0.0941641, 0.885315, 0.000107817, 3.10605, -0.000250605, 0.0339218
0.367161, -0.0941629, 0.885368, 9.53645e-05, -3.12744, -0.000250474, 0.0344875
0.370396, -0.0941621, 0.88527, 8.72484e-05, -3.09508, -0.000250722, 0.0317845
0.371943, -0.0941617, 0.885186, 8.33563e-05, -3.07959, -0.000250934, 0.0323875
0.375224, -0.0941608, 0.884928, 7.50578e-05, -3.04666, -0.000251586, 0.0331589
0.378483, -0.09416, 0.884563, 6.67413e-05, -3.01388, -0.000252511, 0.0330317
0.378483, -0.09416, 0.884563, 6.67413e-05, -3.01388, -0.000252511, 0.0323617
0.38151, -0.0941592, 0.884127, 5.89196e-05, -2.98329, -0.000253627, 0.0330484
0.383221, -0.0941587, 0.883839, 5.44492e-05, -2.96594, -0.000254371, 0.0348984
0.384971, -0.0941582, 0.883512, 4.98325e-05, -2.94813, -0.000255219, 0.0309506
0.388188, -0.0941574, 0.882827, 4.12187e-05, -2.91524, -0.000257015, 0.0331074
0.389991, -0.0941569, 0.882394, 3.6306e-05, -2.8967, -0.000258163, 0.0331386
0.39187, -0.0941564, 0.881905, 3.11118e-05, -2.87729, -0.000259472, 0.0332125
0.395079, -0.0941555, 0.880979, 2.20447e-05, -2.84388, -0.000261988, 0.0327513
0.396978, -0.0941549, 0.880375, 1.655e-05, -2.82396, -0.000263653, 0.0328806
0.396978, -0.0941549, 0.880375, 1.655e-05, -2.82396, -0.000263653, 0.0331206
0.396978, -0.0941549, 0.880375, 1.655e-05, -2.82396, -0.000263653, 0.0332694
0.404091, -0.0941529, 0.877734, 3.14159, -0.393528, 3.14132, 0.0326599
0.404091, -0.0941529, 0.877734, 3.14159, -0.393528, 3.14132, 0.0331079
0.404091, -0.0941529, 0.877734, 3.14159, -0.393528, 3.14132, 0.0335399
0.404091, -0.0941529, 0.877734, 3.14159, -0.393528, 3.14132, 0.0323826
0.404091, -0.0941529, 0.877734, 3.14159, -0.393528, 3.14132, 0.0329808
0.410038, -0.0941511, 0.875034, 3.14157, -0.458849, 3.14131, 0.0330707
0.410891, -0.0941509, 0.874608, 3.14156, -0.468388, 3.14131, 0.0331652
0.410891, -0.0941509, 0.874608, 3.14156, -0.468388, 3.14131, 0.0328204
0.410891, -0.0941509, 0.874608, 3.14156, -0.468388, 3.14131, 0.0328923
0.410891, -0.0941509, 0.874608, 3.14156, -0.468388, 3.14131, 0.0331706
0.410891, -0.0941509, 0.874608, 3.14156, -0.468388, 3.14131, 0.0329536
0.412832, -0.0941503, 0.873599, 3.14156, -0.490262, 3.14131, 0.0329021
0.412832, -0.0941503, 0.873599, 3.14156, -0.490262, 3.14131, 0.0332557
0.412832, -0.0941503, 0.873599, 3.14156, -0.490262, 3.14131, 0.0326295
0.416747, -0.0941491, 0.871395, 3.14154, -0.535194, 3.1413, 0.0330689
0.418773, -0.0941485, 0.870161, 3.14153, -0.558917, 3.1413, 0.0342157
0.418773, -0.0941485, 0.870161, 3.14153, -0.558917, 3.1413, 0.0317009
0.419399, -0.0941483, 0.869766, 3.14153, -0.566317, 3.1413, 0.0331255
0.421348, -0.0941476, 0.868495, 3.14152, -0.589591, 3.14129, 0.032959
0.423293, -0.094147, 0.86716, 3.14152, -0.61318, 3.14129, 0.0341389
0.425219, -0.0941464, 0.86577, 3.14151, -0.636937, 3.14128, 0.0326976
0.425219, -0.0941464, 0.86577, 3.14151, -0.636937, 3.14128, 0.0323728
0.425219, -0.0941464, 0.86577, 3.14151, -0.636937, 3.14128, 0.0326709
0.425219, -0.0941464, 0.86577, 3.14151, -0.636937, 3.14128, 0.0333657
0.425219, -0.0941464, 0.86577, 3.14151, -0.636937, 3.14128, 0.0327761
0.427153, -0.0941458, 0.864303, 3.1415, -0.661204, 3.14128, 0.0330384
0.429042, -0.0941452, 0.862796, 3.14149, -0.685369, 3.14127, 0.032984
0.429042, -0.0941452, 0.862796, 3.14149, -0.685369, 3.14127, 0.0332298
0.429042, -0.0941452, 0.862796, 3.14149, -0.685369, 3.14127, 0.0326551
0.429042, -0.0941452, 0.862796, 3.14149, -0.685369, 3.14127, 0.033135
0.429042, -0.0941452, 0.862796, 3.14149, -0.685369, 3.14127, 0.0329841
0.429042, -0.0941452, 0.862796, 3.14149, -0.685369, 3.14127, 0.0342631
0.433043, -0.0941438, 0.859345, 3.14146, -0.738215, 3.14125, 0.0316606
0.433043, -0.0941438, 0.859345, 3.14146, -0.738215, 3.14125, 0.0329568
0.434834, -0.0941432, 0.857674, 3.14145, -0.762713, 3.14125, 0.0334795
0.436611, -0.0941426, 0.855934, 3.14144, -0.787578, 3.14124, 0.0336038
0.438373, -0.094142, 0.854119, 3.14143, -0.812879, 3.14123, 0.0321886
0.440064, -0.0941414, 0.852287, 3.14141, -0.837813, 3.14122, 0.0327557
0.440064, -0.0941414, 0.852287, 3.14141, -0.837813, 3.14122, 0.0328983
0.441724, -0.0941407, 0.850396, 3.1414, -0.862971, 3.14121, 0.0330982
0.443286, -0.0941402, 0.848525, 3.14138, -0.887349, 3.1412, 0.0329523
0.443286, -0.0941402, 0.848525, 3.14138, -0.887349, 3.1412, 0.0329898
0.444833, -0.0941396, 0.846576, 3.14137, -0.912227, 3.14118, 0.0333756
0.44634, -0.094139, 0.844577, 3.14135, -0.937263, 3.14117, 0.0329295
0.44634, -0.094139, 0.844577, 3.14135, -0.937263, 3.14117, 0.0347874
0.44634, -0.094139, 0.844577, 3.14135, -0.937263, 3.14117, 0.0312289
0.44634, -0.094139, 0.844577, 3.14135, -0.937263, 3.14117, 0.0328082
0.44634, -0.094139, 0.844577, 3.14135, -0.937263, 3.14117, 0.0329122
0.44634, -0.094139, 0.844577, 3.14135, -0.937263, 3.14117, 0.0335039
0.44634, -0.094139, 0.844577, 3.14135, -0.937263, 3.14117, 0.0326034
0.447793, -0.0941385, 0.842546, 3.14133, -0.962243, 3.14115, 0.0330961
0.447902, -0.0941384, 0.84239, 3.14133, -0.964138, 3.14115, 0.0264432
0.384806, -0.0945876, 0.865225, 0.00105126, -2.96964, 0.000230211, 7.59306
0.384797, -0.0945876, 0.865174, 0.00105126, -2.96964, 0.000230211, 0.00395991
0.384797, -0.0945876, 0.865174, 0.00105126, -2.96964, 0.000230211, 0.0322473
0.384797, -0.0945876, 0.865174, 0.00105126, -2.96964, 0.000230211, 0.0341716
0.384797, -0.0945876, 0.865174, 0.00105126, -2.96964, 0.000230211, 0.0327315
0.384797, -0.0945876, 0.865174, 0.00105126, -2.96964, 0.000230211, 0.0326887
0.384344, -0.0945848, 0.862564, 0.00105126, -2.96964, 0.000230211, 0.032462
0.383444, -0.0945794, 0.857381, 0.00105126, -2.96964, 0.000230211, 0.0332258
0.382908, -0.0945761, 0.854295, 0.00105126, -2.96964, 0.000230211, 0.0327443
0.382007, -0.0945707, 0.849106, 0.00105126, -2.96964, 0.000230211, 0.035662
0.381103, -0.0945652, 0.843901, 0.00105126, -2.96964, 0.000230211, 0.0306609
0.380646, -0.0945624, 0.841272, 0.00105126, -2.96964, 0.000230211, 0.032918
0.380567, -0.094562, 0.840815, 0.00105126, -2.96964, 0.000230211, 0.0333502
0.380567, -0.094562, 0.840815, 0.00105126, -2.96964, 0.000230211, 0.0327275
0.380567, -0.094562, 0.840815, 0.00105126, -2.96964, 0.000230211, 0.0327449
0.380567, -0.094562, 0.840815, 0.00105126, -2.96964, 0.000230211, 0.0332345
0.380567, -0.094562, 0.840815, 0.00105126, -2.96964, 0.000230211, 0.0330163
0.380567, -0.094562, 0.840815, 0.00105126, -2.96964, 0.000230211, 0.0330829
0.379662, -0.0945565, 0.835606, 0.00105126, -2.96964, 0.000230211, 0.0328398
0.377777, -0.0945451, 0.824749, 0.00105126, -2.96964, 0.000230211, 0.0329837
0.377325, -0.0945423, 0.822146, 0.00105126, -2.96964, 0.000230211, 0.0327061
0.377325, -0.0945423, 0.822146, 0.00105126, -2.96964, 0.000230211, 0.0332283
0.377325, -0.0945423, 0.822146, 0.00105126, -2.96964, 0.000230211, 0.0330756
0.377325, -0.0945423, 0.822146, 0.00105126, -2.96964, 0.000230211, 0.0341048
0.376868, -0.0945396, 0.819518, 0.00105126, -2.96964, 0.000230211, 0.0323578
0.375508, -0.0945313, 0.811687, 0.00105126, -2.96964, 0.000230211, 0.0333654
0.374978, -0.0945281, 0.808632, 0.00105126, -2.96964, 0.000230211, 0.0322517
0.374978, -0.0945281, 0.808632, 0.00105126, -2.96964, 0.000230211, 0.0338554
0.374978, -0.0945281, 0.808632, 0.00105126, -2.96964, 0.000230211, 0.0323043
0.374978, -0.0945281, 0.808632, 0.00105126, -2.96964, 0.000230211, 0.0337455
0.374978, -0.0945281, 0.808632, 0.00105126, -2.96964, 0.000230211, 0.0316899
0.374978, -0.0945281, 0.808632, 0.00105126, -2.96964, 0.000230211, 0.0348057
0.374978, -0.0945281, 0.808632, 0.00105126, -2.96964, 0.000230211, 0.0338831
0.374978, -0.0945281, 0.808632, 0.00105126, -2.96964, 0.000230211, 0.0307838
0.374978, -0.0945281, 0.808632, 0.00105126, -2.96964, 0.000230211, 0.0325262
0.374072, -0.0945226, 0.803416, 0.00105126, -2.96964, 0.000230211, 0.0345756
0.373166, -0.0945172, 0.798198, 0.00105126, -2.96964, 0.000230211, 0.0341714
0.370367, -0.0945002, 0.782083, 0.00105126, -2.96964, 0.000230211, 0.0304908
0.369908, -0.0944974, 0.779441, 0.00105126, -2.96964, 0.000230211, 0.0331924
0.369908, -0.0944974, 0.779441, 0.00105126, -2.96964, 0.000230211, 0.033595
0.369908, -0.0944974, 0.779441, 0.00105126, -2.96964, 0.000230211, 0.0335376
0.369908, -0.0944974, 0.779441, 0.00105126, -2.96964, 0.000230211, 0.0317463
0.369827, -0.0944969, 0.778975, 0.00105126, -2.96964, 0.000230211, 0.0329419
0.369827, -0.0944969, 0.778975, 0.00105126, -2.96964, 0.000230211, 0.0340174
0.369827, -0.0944969, 0.778975, 0.00105126, -2.96964, 0.000230211, 0.0337014
0.369827, -0.0944969, 0.778975, 0.00105126, -2.96964, 0.000230211, 0.0311094
0.367562, -0.0944832, 0.765932, 0.00105126, -2.96964, 0.000230211, 0.033191
0.366118, -0.0944745, 0.757614, 0.00105126, -2.96964, 0.000230211, 0.0330952
0.365214, -0.094469, 0.752411, 0.00105126, -2.96964, 0.000230211, 0.0329119
0.365214, -0.094469, 0.752411, 0.00105126, -2.96964, 0.000230211, 0.0357239
0.365214, -0.094469, 0.752411, 0.00105126, -2.96964, 0.000230211, 0.0313569
0.365214, -0.094469, 0.752411, 0.00105126, -2.96964, 0.000230211, 0.0318613
0.363314, -0.0944575, 0.741471, 0.00105126, -2.96964, 0.000230211, 0.0337701
0.361415, -0.094446, 0.730536, 0.00105126, -2.96964, 0.000230211, 0.0336451
0.360958, -0.0944433, 0.727902, 0.00105126, -2.96964, 0.000230211, 0.0324279
0.360958, -0.0944433, 0.727902, 0.00105126, -2.96964, 0.000230211, 0.0343427
0.360958, -0.0944433, 0.727902, 0.00105126, -2.96964, 0.000230211, 0.0333729
0.359595, -0.094435, 0.720056, 0.00105126, -2.96964, 0.000230211, 0.0302582
0.357694, -0.0944235, 0.709109, 0.00105126, -2.96964, 0.000230211, 0.0333306
0.357694, -0.0944235, 0.709109, 0.00105126, -2.96964, 0.000230211, 0.0346852
0.357694, -0.0944235, 0.709109, 0.00105126, -2.96964, 0.000230211, 0.0328539
0.357694, -0.0944235, 0.709109, 0.00105126, -2.96964, 0.000230211, 0.0315041
0.357239, -0.0944207, 0.70649, 0.00105126, -2.96964, 0.000230211, 0.0325724
0.355341, -0.0944093, 0.695562, 0.00105126, -2.96964, 0.000230211, 0.0339867
0.354429, -0.0944037, 0.690308, 0.00105126, -2.96964, 0.000230211, 0.0322155
0.353888, -0.0944005, 0.687194, 0.00105126, -2.96964, 0.000230211, 0.0334116
0.352975, -0.0943949, 0.68194, 0.00105126, -2.96964, 0.000230211, 0.0328115
0.351614, -0.0943867, 0.674101, 0.00105126, -2.96964, 0.000230211, 0.0352897
0.351614, -0.0943867, 0.674101, 0.00105126, -2.96964, 0.000230211, 0.0307408
0.351078, -0.0943834, 0.671014, 0.00105126, -2.96964, 0.000230211, 0.0328504
0.350162, -0.0943779, 0.665742, 0.00105126, -2.96964, 0.000230211, 0.0330292
0.348794, -0.0943696, 0.657865, 0.00105126, -2.96964, 0.000230211, 0.0330709
0.348712, -0.0943691, 0.657393, 0.00105126, -2.96964, 0.000230211, 0.032983
0.348712, -0.0943691, 0.657393, 0.00105126, -2.96964, 0.000230211, 0.0329413
0.347799, -0.0943636, 0.652135, 0.00105126, -2.96964, 0.000230211, 0.0327095
0.346433, -0.0943553, 0.64427, 0.00105126, -2.96964, 0.000230211, 0.0332747
0.346433, -0.0943553, 0.64427, 0.00105126, -2.96964, 0.000230211, 0.0349738
0.345439, -0.0943493, 0.638543, 0.00105126, -2.96964, 0.000230211, 0.0313501
0.345439, -0.0943493, 0.638543, 0.00105126, -2.96964, 0.000230211, 0.033345
0.344978, -0.0943465, 0.635888, 0.00105126, -2.96964, 0.000230211, 0.032394
0.344523, -0.0943438, 0.633272, 0.00105126, -2.96964, 0.000230211, 0.033162
0.343612, -0.0943383, 0.628021, 0.00105126, -2.96964, 0.000230211, 0.0330085
0.343068, -0.094335, 0.624893, 0.00105126, -2.96964, 0.000230211, 0.0324306
0.342615, -0.0943322, 0.622284, 0.00105126, -2.96964, 0.000230211, 0.0336677
0.341702, -0.0943267, 0.617025, 0.00105126, -2.96964, 0.000230211, 0.034649
0.340702, -0.0943206, 0.611267, 0.00105126, -2.96964, 0.000230211, 0.0312505
0.340702, -0.0943206, 0.611267, 0.00105126, -2.96964, 0.000230211, 0.0336763
0.339791, -0.0943151, 0.606019, 0.00105126, -2.96964, 0.000230211, 0.032307
0.339329, -0.0943123, 0.60336, 0.00105126, -2.96964, 0.000230211, 0.0340985
0.337879, -0.0943035, 0.59501, 0.00105126, -2.96964, 0.000230211, 0.0333184
0.33696, -0.094298, 0.589718, 0.00105126, -2.96964, 0.000230211, 0.0326774
0.336048, -0.0942925, 0.584469, 0.00105126, -2.96964, 0.000230211, 0.0316415
0.335507, -0.0942892, 0.581356, 0.00105126, -2.96964, 0.000230211, 0.0342768
0.334596, -0.0942837, 0.576105, 0.00105126, -2.96964, 0.000230211, 0.0316467
0.333679, -0.0942781, 0.570827, 0.00105126, -2.96964, 0.000230211, 0.0345937
0.333219, -0.0942753, 0.568177, 0.00105126, -2.96964, 0.000230211, 0.0323464
0.333219, -0.0942753, 0.568177, 0.00105126, -2.96964, 0.000230211, 0.0322407
0.333219, -0.0942753, 0.568177, 0.00105126, -2.96964, 0.000230211, 0.0327857
0.333219, -0.0942753, 0.568177, 0.00105126, -2.96964, 0.000230211, 0.0331931
0.333219, -0.0942753, 0.568177, 0.00105126, -2.96964, 0.000230211, 0.0328423
0.333219, -0.0942753, 0.568177, 0.00105126, -2.96964, 0.000230211, 0.0359368
0.331306, -0.0942638, 0.557165, 0.00105126, -2.96964, 0.000230211, 0.0302693
0.330845, -0.094261, 0.554508, 0.00105126, -2.96964, 0.000230211, 0.0339299
0.330845, -0.094261, 0.554508, 0.00105126, -2.96964, 0.000230211, 0.0339821
0.330845, -0.094261, 0.554508, 0.00105126, -2.96964, 0.000230211, 0.0313913
0.330845, -0.094261, 0.554508, 0.00105126, -2.96964, 0.000230211, 0.032859
0.330845, -0.094261, 0.554508, 0.00105126, -2.96964, 0.000230211, 0.0332751
0.329842, -0.0942549, 0.548735, 0.00105126, -2.96964, 0.000230211, 0.0330954
0.328476, -0.0942466, 0.540869, 0.00105126, -2.96964, 0.000230211, 0.0328222
0.328476, -0.0942466, 0.540869, 0.00105126, -2.96964, 0.000230211, 0.0328449
0.328476, -0.0942466, 0.540869, 0.00105126, -2.96964, 0.000230211, 0.0325049
0.328476, -0.0942466, 0.540869, 0.00105126, -2.96964, 0.000230211, 0.0336166
0.32747, -0.0942405, 0.535075, 0.00105126, -2.96964, 0.000230211, 0.0324612
0.325635, -0.0942294, 0.524507, 0.00105126, -2.96964, 0.000230211, 0.0329801
0.324632, -0.0942234, 0.518734, 0.00105126, -2.96964, 0.000230211, 0.0332798
0.324632, -0.0942234, 0.518734, 0.00105126, -2.96964, 0.000230211, 0.033119
0.324632, -0.0942234, 0.518734, 0.00105126, -2.96964, 0.000230211, 0.032699
0.324174, -0.0942206, 0.516098, 0.00105126, -2.96964, 0.000230211, 0.0333737
0.323714, -0.0942178, 0.513451, 0.00105126, -2.96964, 0.000230211, 0.0327203
0.323255, -0.094215, 0.510806, 0.00105126, -2.96964, 0.000230211, 0.0327412
0.323255, -0.094215, 0.510806, 0.00105126, -2.96964, 0.000230211, 0.0333098
0.323255, -0.094215, 0.510806, 0.00105126, -2.96964, 0.000230211, 0.0331146
0.323255, -0.094215, 0.510806, 0.00105126, -2.96964, 0.000230211, 0.0326173
0.323255, -0.094215, 0.510806, 0.00105126, -2.96964, 0.000230211, 0.0332049
0.323255, -0.094215, 0.510806, 0.00105126, -2.96964, 0.000230211, 0.0329677
0.323255, -0.094215, 0.510806, 0.00105126, -2.96964, 0.000230211, 0.0330631
0.323255, -0.094215, 0.510806, 0.00105126, -2.96964, 0.000230211, 0.0329718
0.323255, -0.094215, 0.510806, 0.00105126, -2.96964, 0.000230211, 0.0329599
0.325635, -0.0942294, 0.524507, 0.00105126, -2.96964, 0.000230211, 0.0329371
0.330301, -0.0942577, 0.551376, 0.00105126, -2.96964, 0.000230211, 0.0331088
0.334137, -0.0942809, 0.573465, 0.00105126, -2.96964, 0.000230211, 0.0329788
0.337424, -0.0943008, 0.592391, 0.00105126, -2.96964, 0.000230211, 0.0332226
0.341162, -0.0943234, 0.613917, 0.00105126, -2.96964, 0.000230211, 0.0352088
0.34589, -0.094352, 0.641141, 0.00105126, -2.96964, 0.000230211, 0.0305166
0.350162, -0.0943779, 0.665742, 0.00105126, -2.96964, 0.000230211, 0.0327814
0.353888, -0.0944005, 0.687194, 0.00105126, -2.96964, 0.000230211, 0.0353878
0.357694, -0.0944235, 0.709109, 0.00105126, -2.96964, 0.000230211, 0.0332851
0.361415, -0.094446, 0.730536, 0.00105126, -2.96964, 0.000230211, 0.0305811
0.363766, -0.0944603, 0.744074, 0.00105126, -2.96964, 0.000230211, 0.0330996
0.366574, -0.0944772, 0.760244, 0.00105126, -2.96964, 0.000230211, 0.0335336
0.368924, -0.0944915, 0.773775, 0.00105126, -2.96964, 0.000230211, 0.0335312
0.371722, -0.0945084, 0.789884, 0.00105126, -2.96964, 0.000230211, 0.0318771
0.373166, -0.0945172, 0.798198, 0.00105126, -2.96964, 0.000230211, 0.0329904
0.375508, -0.0945313, 0.811687, 0.00105126, -2.96964, 0.000230211, 0.0342
0.378307, -0.0945483, 0.8278, 0.00105126, -2.96964, 0.000230211, 0.0329325
0.381103, -0.0945652, 0.843901, 0.00105126, -2.96964, 0.000230211, 0.0331108
0.383444, -0.0945794, 0.857381, 0.00105126, -2.96964, 0.000230211, 0.0319409
0.385251, -0.0945903, 0.867786, 0.00105126, -2.96964, 0.000230211, 0.0335286
0.386686, -0.094599, 0.876048, 0.00105126, -2.96964, 0.000230211, 0.0342117
0.390831, -0.0946241, 0.899916, 0.00105126, -2.96964, 0.000230211, 0.0310701
0.392257, -0.0946327, 0.90813, 0.00105126, -2.96964, 0.000230211, 0.0328729
0.394138, -0.0946441, 0.91896, 0.00105126, -2.96964, 0.000230211, 0.0333719
0.395043, -0.0946496, 0.924169, 0.00105126, -2.96964, 0.000230211, 0.0329969
0.396471, -0.0946582, 0.932391, 0.00105126, -2.96964, 0.000230211, 0.0327501
0.398271, -0.0946691, 0.942761, 0.00105126, -2.96964, 0.000230211, 0.0334511
0.399704, -0.0946778, 0.951011, 0.00105126, -2.96964, 0.000230211, 0.0337161
0.401578, -0.0946891, 0.961802, 0.00105126, -2.96964, 0.000230211, 0.0324528
0.403831, -0.0947028, 0.974773, 0.00105126, -2.96964, 0.000230211, 0.0329531
0.405709, -0.0947141, 0.985588, 0.00105126, -2.96964, 0.000230211, 0.0336278
0.408027, -0.0947282, 0.998936, 0.00105126, -2.96964, 0.000230211, 0.033881
0.409903, -0.0947395, 1.00974, 0.00105126, -2.96964, 0.000230211, 0.0310373
0.411251, -0.0947477, 1.0175, 0.00105126, -2.96964, 0.000230211, 0.0325964
0.412672, -0.0947563, 1.02568, 0.00105126, -2.96964, 0.000230211, 0.0333666
0.413122, -0.094759, 1.02828, 0.00105126, -2.96964, 0.000230211, 0.0328559
0.413572, -0.0947617, 1.03086, 0.00105126, -2.96964, 0.000230211, 0.0328899
0.413572, -0.0947617, 1.03086, 0.00105126, -2.96964, 0.000230211, 0.0336021
0.413572, -0.0947617, 1.03086, 0.00105126, -2.96964, 0.000230211, 0.0325065
0.412226, -0.0947536, 1.02311, 0.00105126, -2.96964, 0.000230211, 0.033147
0.408926, -0.0947336, 1.00411, 0.00105126, -2.96964, 0.000230211, 0.0329893
0.404807, -0.0947087, 0.980396, 0.00105126, -2.96964, 0.000230211, 0.0327885
0.400153, -0.0946805, 0.953592, 0.00105126, -2.96964, 0.000230211, 0.0327856
0.396471, -0.0946582, 0.932391, 0.00105126, -2.96964, 0.000230211, 0.0335731
0.392257, -0.0946327, 0.90813, 0.00105126, -2.96964, 0.000230211, 0.0328284
0.389023, -0.0946131, 0.889506, 0.00105126, -2.96964, 0.000230211, 0.0326413
0.3857, -0.094593, 0.870374, 0.00105126, -2.96964, 0.000230211, 0.0333324
0.382908, -0.0945761, 0.854295, 0.00105126, -2.96964, 0.000230211, 0.0328329
0.380119, -0.0945592, 0.838238, 0.00105126, -2.96964, 0.000230211, 0.0334753
0.377325, -0.0945423, 0.822146, 0.00105126, -2.96964, 0.000230211, 0.0332489
0.374523, -0.0945254, 0.806011, 0.00105126, -2.96964, 0.000230211, 0.0329652
0.371273, -0.0945057, 0.7873, 0.00105126, -2.96964, 0.000230211, 0.0324862
0.368924, -0.0944915, 0.773775, 0.00105126, -2.96964, 0.000230211, 0.0351237
0.366118, -0.0944745, 0.757614, 0.00105126, -2.96964, 0.000230211, 0.0309045
0.363314, -0.0944575, 0.741471, 0.00105126, -2.96964, 0.000230211, 0.0351811
0.359595, -0.094435, 0.720056, 0.00105126, -2.96964, 0.000230211, 0.0320896
0.356249, -0.0944147, 0.700789, 0.00105126, -2.96964, 0.000230211, 0.0321678
0.353888, -0.0944005, 0.687194, 0.00105126, -2.96964, 0.000230211, 0.0321029
0.352975, -0.0943949, 0.68194, 0.00105126, -2.96964, 0.000230211, 0.0333788
0.350162, -0.0943779, 0.665742, 0.00105126, -2.96964, 0.000230211, 0.0340015
0.34735, -0.0943609, 0.649546, 0.00105126, -2.96964, 0.000230211, 0.0338904
0.345439, -0.0943493, 0.638543, 0.00105126, -2.96964, 0.000230211, 0.0322235
0.343068, -0.094335, 0.624893, 0.00105126, -2.96964, 0.000230211, 0.0323643
0.339791, -0.0943151, 0.606019, 0.00105126, -2.96964, 0.000230211, 0.0337707
0.337424, -0.0943008, 0.592391, 0.00105126, -2.96964, 0.000230211, 0.032661
0.335507, -0.0942892, 0.581356, 0.00105126, -2.96964, 0.000230211, 0.032069
0.333219, -0.0942753, 0.568177, 0.00105126, -2.96964, 0.000230211, 0.0350963
0.331759, -0.0942665, 0.559771, 0.00105126, -2.96964, 0.000230211, 0.0312125
0.330301, -0.0942577, 0.551376, 0.00105126, -2.96964, 0.000230211, 0.0325702
0.328929, -0.0942494, 0.543477, 0.00105126, -2.96964, 0.000230211, 0.0328264
0.327008, -0.0942377, 0.532414, 0.00105126, -2.96964, 0.000230211, 0.0333487
0.325635, -0.0942294, 0.524507, 0.00105126, -2.96964, 0.000230211, 0.0333724
0.324632, -0.0942234, 0.518734, 0.00105126, -2.96964, 0.000230211, 0.0335246
0.324632, -0.0942234, 0.518734, 0.00105126, -2.96964, 0.000230211, 0.0319925
0.324174, -0.0942206, 0.516098, 0.00105126, -2.96964, 0.000230211, 0.0340956
0.320874, -0.0942006, 0.497094, 0.00105126, -2.96964, 0.000230211, 0.0321954
0.317579, -0.0941807, 0.478123, 0.00105126, -2.96964, 0.000230211, 0.0336854
0.317028, -0.0941773, 0.474949, 0.00105126, -2.96964, 0.000230211, 0.03179
0.316576, -0.0941746, 0.472345, 0.00105126, -2.96964, 0.000230211, 0.0331887
0.315194, -0.0941662, 0.46439, 0.00105126, -2.96964, 0.000230211, 0.0330956
0.312348, -0.094149, 0.448004, 0.00105126, -2.96964, 0.000230211, 0.0342985
0.310876, -0.0941401, 0.439527, 0.00105126, -2.96964, 0.000230211, 0.0316261
0.309958, -0.0941345, 0.434242, 0.00105126, -2.96964, 0.000230211, 0.0331197
0.309958, -0.0941345, 0.434242, 0.00105126, -2.96964, 0.000230211, 0.034112
0.309958, -0.0941345, 0.434242, 0.00105126, -2.96964, 0.000230211, 0.0323763
0.309958, -0.0941345, 0.434242, 0.00105126, -2.96964, 0.000230211, 0.0322805
0.309502, -0.0941318, 0.431612, 0.00105126, -2.96964, 0.000230211, 0.0330516
0.313268, -0.0941546, 0.4533, 0.00105126, -2.96964, 0.000230211, 0.0333554
0.319418, -0.0941918, 0.488712, 0.00105126, -2.96964, 0.000230211, 0.0329663
0.32747, -0.0942405, 0.535075, 0.00105126, -2.96964, 0.000230211, 0.032565
0.335049, -0.0942864, 0.578716, 0.00105126, -2.96964, 0.000230211, 0.0334648
0.339791, -0.0943151, 0.606019, 0.00105126, -2.96964, 0.000230211, 0.0325877
0.34589, -0.094352, 0.641141, 0.00105126, -2.96964, 0.000230211, 0.0359103
0.353438, -0.0943977, 0.684603, 0.00105126, -2.96964, 0.000230211, 0.0307697
0.357694, -0.0944235, 0.709109, 0.00105126, -2.96964, 0.000230211, 0.0327445
0.362405, -0.094452, 0.736235, 0.00105126, -2.96964, 0.000230211, 0.0327479
0.366574, -0.0944772, 0.760244, 0.00105126, -2.96964, 0.000230211, 0.0333453
0.369827, -0.0944969, 0.778975, 0.00105126, -2.96964, 0.000230211, 0.0326272
0.371722, -0.0945084, 0.789884, 0.00105126, -2.96964, 0.000230211, 0.0330414
0.373617, -0.0945199, 0.800797, 0.00105126, -2.96964, 0.000230211, 0.0344806
0.376417, -0.0945368, 0.816921, 0.00105126, -2.96964, 0.000230211, 0.0339831
0.377856, -0.0945455, 0.825207, 0.00105126, -2.96964, 0.000230211, 0.0302315
0.379211, -0.0945537, 0.83301, 0.00105126, -2.96964, 0.000230211, 0.034342
0.379662, -0.0945565, 0.835606, 0.00105126, -2.96964, 0.000230211, 0.0338866
0.379662, -0.0945565, 0.835606, 0.00105126, -2.96964, 0.000230211, 0.0335436
0.379662, -0.0945565, 0.835606, 0.00105126, -2.96964, 0.000230211, 0.0305605
0.379662, -0.0945565, 0.835606, 0.00105126, -2.96964, 0.000230211, 0.0327993
0.379662, -0.0945565, 0.835606, 0.00105126, -2.96964, 0.000230211, 0.00877037
0.379662, -0.0945565, 0.835606, 0.00105126, -2.96964, 0.000230211, 0.539197
0.379662, -0.0945565, 0.835606, 0.00105126, -2.96964, 0.000230211, 0.0129289
0.379662, -0.0945565, 0.835606, 0.00105126, -2.96964, 0.000230211, 0.0332839
0.379662, -0.0945565, 0.835606, 0.00105126, -2.96964, 0.000230211, 0.0347528
0.356081, -0.0945524, 0.836871, 0.000997176, 3.07684, 0.000227297, 0.0312423
0.33173, -0.0945422, 0.832213, 0.000938415, 2.82828, 0.000238425, 0.0334484
0.319862, -0.0945347, 0.827511, 0.000904835, 2.70054, 0.000250818, 0.0325185
0.314955, -0.0945311, 0.825027, 0.00088916, 2.64553, 0.000257899, 0.0352315
0.306003, -0.0945235, 0.819557, 0.000856407, 2.54057, 0.000275002, 0.0307998
0.300511, -0.0945182, 0.815509, 0.000832507, 2.47234, 0.00028919, 0.0329808
0.294421, -0.0945115, 0.81028, 0.000800825, 2.39204, 0.000309843, 0.0358897
0.2899, -0.094506, 0.805795, 0.00077213, 2.32835, 0.000330063, 0.0303943
0.285543, -0.0945, 0.800874, 0.000738149, 2.26261, 0.000355518, 0.0327367
0.28475, -0.0944988, 0.799906, 0.000731069, 2.25009, 0.000360999, 0.0333495
0.283238, -0.0944965, 0.797985, 0.000716583, 2.22565, 0.000372381, 0.0329326
0.281816, -0.0944943, 0.796087, 0.00070162, 2.20193, 0.000384357, 0.0328871
0.281816, -0.0944943, 0.796087, 0.00070162, 2.20193, 0.000384357, 0.0331363
0.281816, -0.0944943, 0.796087, 0.00070162, 2.20193, 0.000384357, 0.0329323
0.281816, -0.0944943, 0.796087, 0.00070162, 2.20193, 0.000384357, 0.0334287
0.281816, -0.0944943, 0.796087, 0.00070162, 2.20193, 0.000384357, 0.0335218
0.281816, -0.0944943, 0.796087, 0.00070162, 2.20193, 0.000384357, 0.0321111
0.281816, -0.0944943, 0.796087, 0.00070162, 2.20193, 0.000384357, 0.034428
0.281816, -0.0944943, 0.796087, 0.00070162, 2.20193, 0.000384357, 0.0312167
0.281816, -0.0944943, 0.796087, 0.00070162, 2.20193, 0.000384357, 0.0331669
0.277522, -0.0944869, 0.789711, 0.000645535, 2.12505, 0.00043091, 0.0327971
0.274577, -0.0944811, 0.784626, 0.000592306, 2.06627, 0.000476994, 0.0331134
0.272896, -0.0944774, 0.781374, 0.000552892, 2.02966, 0.000512011, 0.0333525
0.271749, -0.0944747, 0.778973, 0.000520379, 2.00305, 0.000541353, 0.0333436
0.270425, -0.0944714, 0.775974, 0.000474768, 1.97027, 0.000583081, 0.0322874
0.270127, -0.0944706, 0.77526, 0.000462936, 1.96252, 0.000594, 0.0330793
0.269551, -0.094469, 0.773835, 0.000438101, 1.94715, 0.000617027, 0.032601
0.269551, -0.094469, 0.773835, 0.000438101, 1.94715, 0.000617027, 0.033401
0.269551, -0.094469, 0.773835, 0.000438101, 1.94715, 0.000617027, 0.0327569
0.268532, -0.0944661, 0.771145, 0.000386018, 1.91839, 0.00066574, 0.0350788
0.26745, -0.0944626, 0.767997, 0.000314345, 1.8851, 0.000733533, 0.0318336
0.266887, -0.0944607, 0.766206, 0.000267075, 1.86633, 0.000778624, 0.033574
0.266887, -0.0944607, 0.766206, 0.000267075, 1.86633, 0.000778624, 0.0343434
0.266887, -0.0944607, 0.766206, 0.000267075, 1.86633, 0.000778624, 0.0321366
0.266887, -0.0944607, 0.766206, 0.000267075, 1.86633, 0.000778624, 0.0311439
0.266887, -0.0944607, 0.766206, 0.000267075, 1.86633, 0.000778624, 0.0291288
0.266887, -0.0944607, 0.766206, 0.000267075, 1.86633, 0.000778624, 1.65061
0.266887, -0.0944607, 0.766206, 0.000267075, 1.86633, 0.000778624, 0.00324547
0.266887, -0.0944607, 0.766206, 0.000267075, 1.86633, 0.000778624, 0.0335612
0.263843, -0.0944467, 0.753101, 3.14121, 1.40991, -3.14018, 0.0335112
0.262558, -0.0944291, 0.735925, 0.0206216, 1.55923, -0.0196109, 0.033806
0.265037, -0.0944084, 0.714926, 0.00200996, 1.34739, -0.00102345, 0.0324177
0.274841, -0.0943844, 0.689051, 0.00142599, 1.0698, -0.000472064, 0.0326839
0.287858, -0.0943687, 0.670591, 0.00126663, 0.843441, -0.000340989, 0.0324582
0.299628, -0.09436, 0.65936, 0.00119548, 0.68057, -0.000291702, 0.0342734
0.309418, -0.0943551, 0.652365, 0.00115411, 0.560172, -0.00026761, 0.0327593
0.319934, -0.0943517, 0.646617, 0.00111872, 0.44026, -0.000250603, 0.0328361
0.326553, -0.0943503, 0.643785, 0.00109939, 0.36825, -0.000242993, 0.0319286
0.333593, -0.0943495, 0.641366, 0.0010805, 0.293799, -0.000236849, 0.0328857
0.342972, -0.0943492, 0.639017, 0.00105717, 0.197067, -0.000231172, 0.0343647
0.350639, -0.0943497, 0.637793, 0.0010391, 0.119406, -0.000228322, 0.0320523
0.352282, -0.0943499, 0.63761, 0.00103531, 0.102881, -0.000227901, 0.0325823
0.354997, -0.0943503, 0.637367, 0.00102907, 0.0756208, -0.000227345, 0.0330266
0.358342, -0.0943508, 0.63717, 0.00102145, 0.0421072, -0.000226896, 0.0342493
0.36267, -0.0943517, 0.637081, 0.00101163, -0.00118783, -0.000226694, 0.0319663
0.366288, -0.0943526, 0.637151, 0.00100342, -0.0373752, -0.000226852, 0.0327025
0.367988, -0.0943531, 0.637229, 0.00099955, -0.0543862, -0.000227029, 0.0330554
0.370202, -0.0943537, 0.637374, 0.000994496, -0.0765797, -0.000227359, 0.0326876
0.372849, -0.0943546, 0.637613, 0.000988421, -0.103155, -0.000227904, 0.0333275
0.374882, -0.0943553, 0.637844, 0.000983721, -0.123615, -0.000228435, 0.0329484
0.376413, -0.0943558, 0.638046, 0.000980157, -0.139064, -0.000228902, 0.0331808
0.376413, -0.0943558, 0.638046, 0.000980157, -0.139064, -0.000228902, 0.0343934
0.376413, -0.0943558, 0.638046, 0.000980157, -0.139064, -0.000228902, 0.0337511
0.376413, -0.0943558, 0.638046, 0.000980157, -0.139064, -0.000228902, 0.0332523
0.376413, -0.0943558, 0.638046, 0.000980157, -0.139064, -0.000228902, 0.0304122
0.376413, -0.0943558, 0.638046, 0.000980157, -0.139064, -0.000228902, 0.0330508
0.376413, -0.0943558, 0.638046, 0.000980157, -0.139064, -0.000228902, 0.0327915
0.376413, -0.0943558, 0.638046, 0.000980157, -0.139064, -0.000228902, 0.0331523
0.376413, -0.0943558, 0.638046, 0.000980157, -0.139064, -0.000228902, 0.0270499
0.376413, -0.0943558, 0.638046, 0.000980157, -0.139064, -0.000228902, 3.55461
0.376051, -0.0943584, 0.640631, 0.000980157, -0.139064, -0.000228902, 0.0150499
0.376051, -0.0943584, 0.640631, 0.000980157, -0.139064, -0.000228902, 0.0348818
0.376051, -0.0943584, 0.640631, 0.000980157, -0.139064, -0.000228902, 0.031948
0.376051, -0.0943584, 0.640631, 0.000980157, -0.139064, -0.000228902, 0.0364506
0.376051, -0.0943584, 0.640631, 0.000980157, -0.139064, -0.000228902, 0.028963
0.376051, -0.0943584, 0.640631, 0.000980157, -0.139064, -0.000228902, 0.0344827
0.373446, -0.0943766, 0.659248, 0.000980157, -0.139064, -0.000228902, 0.0317906
0.369386, -0.094405, 0.688249, 0.000980157, -0.139064, -0.000228902, 0.0340321
0.365648, -0.0944312, 0.714958, 0.000980157, -0.139064, -0.000228902, 0.0318384
0.363468, -0.0944465, 0.730532, 0.000980157, -0.139064, -0.000228902, 0.0331241
0.360519, -0.0944671, 0.751606, 0.000980157, -0.139064, -0.000228902, 0.0329783
0.357157, -0.0944907, 0.775622, 0.000980157, -0.139064, -0.000228902, 0.0329143
0.35463, -0.0945084, 0.793677, 0.000980157, -0.139064, -0.000228902, 0.0328936
0.352774, -0.0945214, 0.806936, 0.000980157, -0.139064, -0.000228902, 0.0330327
0.35092, -0.0945344, 0.820184, 0.000980157, -0.139064, -0.000228902, 0.0330567
0.349841, -0.0945419, 0.827892, 0.000980157, -0.139064, -0.000228902, 0.0326587
0.34948, -0.0945444, 0.830475, 0.000980157, -0.139064, -0.000228902, 0.033452
0.34948, -0.0945444, 0.830475, 0.000980157, -0.139064, -0.000228902, 0.0336662
0.349124, -0.0945469, 0.833015, 0.000980157, -0.139064, -0.000228902, 0.0326836
0.34835, -0.0945523, 0.838544, 0.000980157, -0.139064, -0.000228902, 0.0338921
0.34691, -0.0945624, 0.848832, 0.000980157, -0.139064, -0.000228902, 0.0324923
0.345061, -0.0945754, 0.862042, 0.000980157, -0.139064, -0.000228902, 0.0324081
0.342908, -0.0945905, 0.877423, 0.000980157, -0.139064, -0.000228902, 0.0336809
0.341061, -0.0946034, 0.89062, 0.000980157, -0.139064, -0.000228902, 0.032721
0.339221, -0.0946163, 0.903769, 0.000980157, -0.139064, -0.000228902, 0.0346105
0.337429, -0.0946288, 0.916567, 0.000980157, -0.139064, -0.000228902, 0.0312654
0.336667, -0.0946342, 0.922016, 0.000980157, -0.139064, -0.000228902, 0.0335527
0.336667, -0.0946342, 0.922016, 0.000980157, -0.139064, -0.000228902, 0.0340538
0.336306, -0.0946367, 0.924593, 0.000980157, -0.139064, -0.000228902, 0.0331825
0.336306, -0.0946367, 0.924593, 0.000980157, -0.139064, -0.000228902, 0.0316976
0.336306, -0.0946367, 0.924593, 0.000980157, -0.139064, -0.000228902, 0.0323732
0.336306, -0.0946367, 0.924593, 0.000980157, -0.139064, -0.000228902, 0.0334567
0.336306, -0.0946367, 0.924593, 0.000980157, -0.139064, -0.000228902, 0.0331474
0.336306, -0.0946367, 0.924593, 0.000980157, -0.139064, -0.000228902, 0.0336204
0.336306, -0.0946367, 0.924593, 0.000980157, -0.139064, -0.000228902, 0.0313746
0.336306, -0.0946367, 0.924593, 0.000980157, -0.139064, -0.000228902, 0.0329561
0.336306, -0.0946367, 0.924593, 0.000980157, -0.139064, -0.000228902, 0.0341099
0.336306, -0.0946367, 0.924593, 0.000980157, -0.139064, -0.000228902, 0.0346101
0.338146, -0.0946238, 0.911447, 0.000980157, -0.139064, -0.000228902, 0.0303306
0.343628, -0.0945854, 0.872282, 0.000980157, -0.139064, -0.000228902, 0.0327505
0.349124, -0.0945469, 0.833015, 0.000980157, -0.139064, -0.000228902, 0.0345066
0.35463, -0.0945084, 0.793677, 0.000980157, -0.139064, -0.000228902, 0.0327242
0.357931, -0.0944853, 0.770093, 0.000980157, -0.139064, -0.000228902, 0.0346006
0.361965, -0.094457, 0.741273, 0.000980157, -0.139064, -0.000228902, 0.0303975
0.364922, -0.0944363, 0.720147, 0.000980157, -0.139064, -0.000228902, 0.0330757
0.367517, -0.0944181, 0.701607, 0.000980157, -0.139064, -0.000228902, 0.0328614
0.369022, -0.0944076, 0.690856, 0.000980157, -0.139064, -0.000228902, 0.033193
0.371573, -0.0943897, 0.672624, 0.000980157, -0.139064, -0.000228902, 0.0332242
0.373082, -0.0943792, 0.661848, 0.000980157, -0.139064, -0.000228902, 0.0327737
0.374957, -0.094366, 0.648448, 0.000980157, -0.139064, -0.000228902, 0.0328714
0.377563, -0.0943478, 0.629834, 0.000980157, -0.139064, -0.000228902, 0.0327322
0.37976, -0.0943324, 0.614138, 0.000980157, -0.139064, -0.000228902, 0.0332202
0.382372, -0.0943141, 0.595472, 0.000980157, -0.139064, -0.000228902, 0.0328559
0.385359, -0.0942932, 0.574134, 0.000980157, -0.139064, -0.000228902, 0.0336676
0.389135, -0.0942667, 0.547157, 0.000980157, -0.139064, -0.000228902, 0.0325443
0.390976, -0.0942538, 0.533999, 0.000980157, -0.139064, -0.000228902, 0.0327266
0.392499, -0.0942432, 0.523122, 0.000980157, -0.139064, -0.000228902, 0.0329004
0.394345, -0.0942303, 0.509935, 0.000980157, -0.139064, -0.000228902, 0.0330169
0.39624, -0.094217, 0.496393, 0.000980157, -0.139064, -0.000228902, 0.0332554
0.398878, -0.0941985, 0.477549, 0.000980157, -0.139064, -0.000228902, 0.034232
0.401147, -0.0941826, 0.461338, 0.000980157, -0.139064, -0.000228902, 0.0317165
0.403373, -0.094167, 0.44543, 0.000980157, -0.139064, -0.000228902, 0.0330228
0.404532, -0.0941589, 0.43715, 0.000980157, -0.139064, -0.000228902, 0.0330601
0.404908, -0.0941563, 0.434467, 0.000980157, -0.139064, -0.000228902, 0.0328814
0.405649, -0.0941511, 0.42917, 0.000980157, -0.139064, -0.000228902, 0.0330644
0.406442, -0.0941455, 0.423507, 0.000980157, -0.139064, -0.000228902, 0.0330254
0.406442, -0.0941455, 0.423507, 0.000980157, -0.139064, -0.000228902, 0.0358809
0.406442, -0.0941455, 0.423507, 0.000980157, -0.139064, -0.000228902, 0.0300176
0.406442, -0.0941455, 0.423507, 0.000980157, -0.139064, -0.000228902, 0.0334535
0.406442, -0.0941455, 0.423507, 0.000980157, -0.139064, -0.000228902, 0.0328282
0.406442, -0.0941455, 0.423507, 0.000980157, -0.139064, -0.000228902, 0.0331331
0.406442, -0.0941455, 0.423507, 0.000980157, -0.139064, -0.000228902, 0.0337536
0.405649, -0.0941511, 0.42917, 0.000980157, -0.139064, -0.000228902, 0.0328827
0.403373, -0.094167, 0.44543, 0.000980157, -0.139064, -0.000228902, 0.0324429
0.398509, -0.0942011, 0.480186, 0.000980157, -0.139064, -0.000228902, 0.0323178
0.395131, -0.0942248, 0.504315, 0.000980157, -0.139064, -0.000228902, 0.0341834
0.391346, -0.0942513, 0.531357, 0.000980157, -0.139064, -0.000228902, 0.0320417
0.38835, -0.0942722, 0.552762, 0.000980157, -0.139064, -0.000228902, 0.0346533
0.386093, -0.094288, 0.568892, 0.000980157, -0.139064, -0.000228902, 0.0312672
0.382372, -0.0943141, 0.595472, 0.000980157, -0.139064, -0.000228902, 0.0330627
0.37976, -0.0943324, 0.614138, 0.000980157, -0.139064, -0.000228902, 0.0330911
0.377563, -0.0943478, 0.629834, 0.000980157, -0.139064, -0.000228902, 0.0328893
0.374957, -0.094366, 0.648448, 0.000980157, -0.139064, -0.000228902, 0.0357606
0.372713, -0.0943817, 0.66448, 0.000980157, -0.139064, -0.000228902, 0.0317003
0.370117, -0.0943999, 0.683029, 0.000980157, -0.139064, -0.000228902, 0.0314515
0.366787, -0.0944232, 0.706821, 0.000980157, -0.139064, -0.000228902, 0.034228
0.365284, -0.0944338, 0.717561, 0.000980157, -0.139064, -0.000228902, 0.0320724
0.363837, -0.0944439, 0.727896, 0.000980157, -0.139064, -0.000228902, 0.034143
0.361606, -0.0944595, 0.743835, 0.000980157, -0.139064, -0.000228902, 0.032981
0.35938, -0.0944751, 0.759737, 0.000980157, -0.139064, -0.000228902, 0.0327097
0.357573, -0.0944878, 0.772649, 0.000980157, -0.139064, -0.000228902, 0.0324069
0.356437, -0.0944957, 0.780768, 0.000980157, -0.139064, -0.000228902, 0.0346891
0.355712, -0.0945008, 0.785947, 0.000980157, -0.139064, -0.000228902, 0.031224
0.355354, -0.0945033, 0.788502, 0.000980157, -0.139064, -0.000228902, 0.0338537
0.355354, -0.0945033, 0.788502, 0.000980157, -0.139064, -0.000228902, 0.0329843
0.355354, -0.0945033, 0.788502, 0.000980157, -0.139064, -0.000228902, 0.0321761
0.355354, -0.0945033, 0.788502, 0.000980157, -0.139064, -0.000228902, 0.0327015
0.355354, -0.0945033, 0.788502, 0.000980157, -0.139064, -0.000228902, 0.0331487
0.355712, -0.0945008, 0.785947, 0.000980157, -0.139064, -0.000228902, 0.0346612
0.356437, -0.0944957, 0.780768, 0.000980157, -0.139064, -0.000228902, 0.00501668
0.356437, -0.0944957, 0.780768, 0.000980157, -0.139064, -0.000228902, 0.702553
0.356423, -0.0944957, 0.780766, 0.000980157, -0.139064, -0.000228902, 0.0174723
0.359132, -0.0944967, 0.781146, 0.000980157, -0.139064, -0.000228902, 0.0323876
0.345348, -0.0944916, 0.779216, 0.000980157, -0.139064, -0.000228902, 0.0341842
0.337292, -0.0944887, 0.778089, 0.000980157, -0.139064, -0.000228902, 0.0316386
0.323527, -0.0944836, 0.776162, 0.000980157, -0.139064, -0.000228902, 0.0330143
0.307464, -0.0944777, 0.773914, 0.000980157, -0.139064, -0.000228902, 0.0329062
0.2964, -0.0944736, 0.772365, 0.000980157, -0.139064, -0.000228902, 0.0331668
0.288374, -0.0944707, 0.771242, 0.000980157, -0.139064, -0.000228902, 0.0326922
0.277353, -0.0944666, 0.769699, 0.000980157, -0.139064, -0.000228902, 0.033131
0.266336, -0.0944625, 0.768157, 0.000980157, -0.139064, -0.000228902, 0.032968
0.258335, -0.0944596, 0.767037, 0.000980157, -0.139064, -0.000228902, 0.0354535
0.244624, -0.0944545, 0.765118, 0.000980157, -0.139064, -0.000228902, 0.0305895
0.22565, -0.0944475, 0.762463, 0.000980157, -0.139064, -0.000228902, 0.0330918
0.217644, -0.0944446, 0.761342, 0.000980157, -0.139064, -0.000228902, 0.032642
0.212369, -0.0944427, 0.760604, 0.000980157, -0.139064, -0.000228902, 0.0333146
0.204033, -0.0944396, 0.759437, 0.000980157, -0.139064, -0.000228902, 0.0343097
0.198707, -0.0944376, 0.758691, 0.000980157, -0.139064, -0.000228902, 0.0321595
0.196054, -0.0944366, 0.75832, 0.000980157, -0.139064, -0.000228902, 0.0342155
0.196054, -0.0944366, 0.75832, 0.000980157, -0.139064, -0.000228902, 0.0311465
0.196054, -0.0944366, 0.75832, 0.000980157, -0.139064, -0.000228902, 0.0332348
0.182431, -0.0944316, 0.756413, 0.000980157, -0.139064, -0.000228902, 0.0328382
0.171453, -0.0944276, 0.754877, 0.000980157, -0.139064, -0.000228902, 0.032984
0.171453, -0.0944276, 0.754877, 0.000980157, -0.139064, -0.000228902, 0.0339344
0.171453, -0.0944276, 0.754877, 0.000980157, -0.139064, -0.000228902, 0.032267
0.171453, -0.0944276, 0.754877, 0.000980157, -0.139064, -0.000228902, 0.0326546
0.171453, -0.0944276, 0.754877, 0.000980157, -0.139064, -0.000228902, 0.0332302
0.158234, -0.0944227, 0.753027, 0.000980157, -0.139064, -0.000228902, 0.0329517
0.128421, -0.0944117, 0.748854, 0.000980157, -0.139064, -0.000228902, 0.0330509
0.104311, -0.0944029, 0.745479, 0.000980157, -0.139064, -0.000228902, 0.0330255
0.0934251, -0.0943989, 0.743956, 0.000980157, -0.139064, -0.000228902, 0.0329674
0.0934251, -0.0943989, 0.743956, 0.000980157, -0.139064, -0.000228902, 0.0327296
0.0934251, -0.0943989, 0.743956, 0.000980157, -0.139064, -0.000228902, 0.0332783
0.085514, -0.0943959, 0.742848, 0.000980157, -0.139064, -0.000228902, 0.0355774
0.0719844, -0.094391, 0.740955, 0.000980157, -0.139064, -0.000228902, 0.0309307
0.058495, -0.094386, 0.739067, 0.000980157, -0.139064, -0.000228902, 0.0325797
0.0453547, -0.0943812, 0.737227, 0.000980157, -0.139064, -0.000228902, 0.0327943
0.0371283, -0.0943781, 0.736076, 0.000980157, -0.139064, -0.000228902, 0.0329227
0.0292704, -0.0943752, 0.734976, 0.000980157, -0.139064, -0.000228902, 0.0335638
0.0210321, -0.0943722, 0.733823, 0.000980157, -0.139064, -0.000228902, 0.0325537
0.00792937, -0.0943674, 0.731989, 0.000980157, -0.139064, -0.000228902, 0.0356939
-0.00812422, -0.0943615, 0.729742, 0.000980157, -0.139064, -0.000228902, 0.0301444
-0.0241638, -0.0943555, 0.727497, 0.000980157, -0.139064, -0.000228902, 0.0330748
-0.0375927, -0.0943506, 0.725617, 0.000980157, -0.139064, -0.000228902, 0.0330853
-0.0375927, -0.0943506, 0.725617, 0.000980157, -0.139064, -0.000228902, 0.0332913
-0.0375927, -0.0943506, 0.725617, 0.000980157, -0.139064, -0.000228902, 0.0325895
-0.0375927, -0.0943506, 0.725617, 0.000980157, -0.139064, -0.000228902, 0.0332308
-0.0427922, -0.0943487, 0.72489, 0.000980157, -0.139064, -0.000228902, 0.0331957
-0.0691999, -0.094339, 0.721193, 0.000980157, -0.139064, -0.000228902, 0.0324827
-0.0851743, -0.0943331, 0.718958, 0.000980157, -0.139064, -0.000228902, 0.0332661
-0.087774, -0.0943321, 0.718594, 0.000980157, -0.139064, -0.000228902, 0.0340984
-0.087774, -0.0943321, 0.718594, 0.000980157, -0.139064, -0.000228902, 0.0318975
-0.087774, -0.0943321, 0.718594, 0.000980157, -0.139064, -0.000228902, 0.033226
-0.087774, -0.0943321, 0.718594, 0.000980157, -0.139064, -0.000228902, 0.0328842
-0.087774, -0.0943321, 0.718594, 0.000980157, -0.139064, -0.000228902, 0.0327293
-0.087774, -0.0943321, 0.718594, 0.000980157, -0.139064, -0.000228902, 0.0334244
-0.087774, -0.0943321, 0.718594, 0.000980157, -0.139064, -0.000228902, 0.032892
-0.087774, -0.0943321, 0.718594, 0.000980157, -0.139064, -0.000228902, 0.032984
-0.0985373, -0.0943281, 0.717087, 0.000980157, -0.139064, -0.000228902, 0.0327399
-0.135583, -0.0943145, 0.711902, 0.000980157, -0.139064, -0.000228902, 0.0331044
-0.148899, -0.0943096, 0.710038, 0.000980157, -0.139064, -0.000228902, 0.0328474
-0.148899, -0.0943096, 0.710038, 0.000980157, -0.139064, -0.000228902, 0.0333693
-0.148899, -0.0943096, 0.710038, 0.000980157, -0.139064, -0.000228902, 0.0327349
-0.148899, -0.0943096, 0.710038, 0.000980157, -0.139064, -0.000228902, 0.03514
-0.148899, -0.0943096, 0.710038, 0.000980157, -0.139064, -0.000228902, 0.0310996
-0.148899, -0.0943096, 0.710038, 0.000980157, -0.139064, -0.000228902, 0.0327364
-0.148899, -0.0943096, 0.710038, 0.000980157, -0.139064, -0.000228902, 0.0334808
-0.148899, -0.0943096, 0.710038, 0.000980157, -0.139064, -0.000228902, 0.0325826
-0.148899, -0.0943096, 0.710038, 0.000980157, -0.139064, -0.000228902, 0.0344214
-0.148899, -0.0943096, 0.710038, 0.000980157, -0.139064, -0.000228902, 0.0314442
-0.148899, -0.0943096, 0.710038, 0.000980157, -0.139064, -0.000228902, 0.0262083
