0.136684, -0.0237849, 0.806808, 1.90047, 1.34754, -1.90825, 0
0.136677, -0.0237834, 0.806809, 1.90047, 1.34754, -1.90825, 0.00478892
0.136677, -0.0237834, 0.806809, 1.90047, 1.34754, -1.90825, 0.0355563
0.134737, -0.0233667, 0.806952, 1.90047, 1.34754, -1.90825, 0.0305484
0.11336, -0.0187744, 0.808523, 1.90047, 1.34754, -1.90825, 0.0323756
0.0902109, -0.0138016, 0.810224, 1.90047, 1.34754, -1.90825, 0.0325963
0.0518208, -0.00555471, 0.813046, 1.90047, 1.34754, -1.90825, 0.0349836
0.00610771, 0.00426527, 0.816406, 1.90047, 1.34754, -1.90825, 0.0336522
-0.0259257, 0.0111466, 0.818761, 1.90047, 1.34754, -1.90825, 0.0313073
-0.0559439, 0.0175951, 0.820967, 1.90047, 1.34754, -1.90825, 0.0329729
-0.0857596, 0.024, 0.823159, 1.90047, 1.34754, -1.90825, 0.0323648
-0.122779, 0.0319524, 0.82588, 1.90047, 1.34754, -1.90825, 0.0328477
-0.148518, 0.0374817, 0.827772, 1.90047, 1.34754, -1.90825, 0.0329825
-0.17226, 0.0425819, 0.829517, 1.90047, 1.34754, -1.90825, 0.032892
-0.199548, 0.0484438, 0.831522, 1.90047, 1.34754, -1.90825, 0.0589295
-0.201364, 0.0488339, 0.831656, 1.90047, 1.34754, -1.90825, 0.0151789
-0.24466, 0.0581346, 0.834838, 1.90047, 1.34754, -1.90825, 0.0265891
-0.298233, 0.0696431, 0.838776, 1.90047, 1.34754, -1.90825, 0.0314751
-0.342394, 0.0791297, 0.842022, 1.90047, 1.34754, -1.90825, 0.0344718
-0.361702, 0.0832774, 0.843441, 1.90047, 1.34754, -1.90825, 0.0315608
-0.368704, 0.0847816, 0.843956, 1.90047, 1.34754, -1.90825, 0.0400309
-0.382655, 0.0877785, 0.844981, 1.90047, 1.34754, -1.90825, 0.0261539
-0.400047, 0.0915145, 0.84626, 1.90047, 1.34754, -1.90825, 0.0330398
-0.431213, 0.0982096, 0.848551, 1.90047, 1.34754, -1.90825, 0.0363851
-0.465574, 0.105591, 0.851076, 1.90047, 1.34754, -1.90825, 0.0300949
-0.518304, 0.116918, 0.854952, 1.90047, 1.34754, -1.90825, 0.0399339
-0.525074, 0.118373, 0.85545, 1.90047, 1.34754, -1.90825, 0.0287564
-0.533522, 0.120187, 0.85607, 1.90047, 1.34754, -1.90825, 0.029612
-0.545322, 0.122722, 0.856938, 1.90047, 1.34754, -1.90825, 0.0334335
-0.567121, 0.127405, 0.85854, 1.90047, 1.34754, -1.90825, 0.0324546
-0.582144, 0.130632, 0.859644, 1.90047, 1.34754, -1.90825, 0.0334513
-0.602131, 0.134926, 0.861113, 1.90047, 1.34754, -1.90825, 0.032425
-0.618724, 0.13849, 0.862333, 1.90047, 1.34754, -1.90825, 0.03305
-0.628653, 0.140623, 0.863063, 1.90047, 1.34754, -1.90825, 0.0332393
-0.641806, 0.143449, 0.86403, 1.90047, 1.34754, -1.90825, 0.0335214
-0.65168, 0.14557, 0.864755, 1.90047, 1.34754, -1.90825, 0.0328155
-0.653336, 0.145926, 0.864877, 1.90047, 1.34754, -1.90825, 0.0324332
-0.658242, 0.146979, 0.865238, 1.90047, 1.34754, -1.90825, 0.0490863
-0.661529, 0.147685, 0.865479, 1.90047, 1.34754, -1.90825, 0.0391274
-0.669704, 0.149442, 0.86608, 1.90047, 1.34754, -1.90825, 0.0248875
-0.677885, 0.151199, 0.866682, 1.90047, 1.34754, -1.90825, 0.0220341
-0.690923, 0.154, 0.86764, 1.90047, 1.34754, -1.90825, 0.0301862
-0.697428, 0.155397, 0.868118, 1.90047, 1.34754, -1.90825, 0.0338011
-0.700684, 0.156097, 0.868357, 1.90047, 1.34754, -1.90825, 0.0325118
-0.710408, 0.158186, 0.869072, 1.90047, 1.34754, -1.90825, 0.0331092
-0.721731, 0.160618, 0.869904, 1.90047, 1.34754, -1.90825, 0.0335126
-0.741103, 0.164779, 0.871328, 1.90047, 1.34754, -1.90825, 0.0325397
-0.758741, 0.168568, 0.872625, 1.90047, 1.34754, -1.90825, 0.0329488
-0.761982, 0.169265, 0.872863, 1.90047, 1.34754, -1.90825, 0.0353668
-0.765172, 0.16995, 0.873097, 1.90047, 1.34754, -1.90825, 0.0318772
-0.773182, 0.171671, 0.873686, 1.90047, 1.34754, -1.90825, 0.0356055
-0.779548, 0.173038, 0.874154, 1.90047, 1.34754, -1.90825, 0.035021
-0.785937, 0.17441, 0.874624, 1.90047, 1.34754, -1.90825, 0.0265395
-0.787523, 0.174751, 0.87474, 1.90047, 1.34754, -1.90825, 0.0342458
-0.801824, 0.177823, 0.875791, 1.90047, 1.34754, -1.90825, 0.031854
-0.812935, 0.18021, 0.876608, 1.90047, 1.34754, -1.90825, 0.0352395
-0.827157, 0.183265, 0.877654, 1.90047, 1.34754, -1.90825, 0.0308807
-0.82875, 0.183608, 0.877771, 1.90047, 1.34754, -1.90825, 0.0328761
-0.830323, 0.183946, 0.877886, 1.90047, 1.34754, -1.90825, 0.0356051
-0.835057, 0.184962, 0.878234, 1.90047, 1.34754, -1.90825, 0.0306515
-0.841355, 0.186315, 0.878697, 1.90047, 1.34754, -1.90825, 0.0366833
-0.842921, 0.186652, 0.878812, 1.90047, 1.34754, -1.90825, 0.0289583
-0.842921, 0.186652, 0.878812, 1.90047, 1.34754, -1.90825, 0.0332493
-0.842921, 0.186652, 0.878812, 1.90047, 1.34754, -1.90825, 0.0338097
-0.842921, 0.186652, 0.878812, 1.90047, 1.34754, -1.90825, 0.0320838
-0.842921, 0.186652, 0.878812, 1.90047, 1.34754, -1.90825, 0.0333878
-0.842921, 0.186652, 0.878812, 1.90047, 1.34754, -1.90825, 0.0556434
-0.842921, 0.186652, 0.878812, 1.90047, 1.34754, -1.90825, 0.0139947
-0.842921, 0.186652, 0.878812, 1.90047, 1.34754, -1.90825, 0.0288024
-0.842921, 0.186652, 0.878812, 1.90047, 1.34754, -1.90825, 0.0329501
-0.842921, 0.186652, 0.878812, 1.90047, 1.34754, -1.90825, 0.0342529
-0.842921, 0.186652, 0.878812, 1.90047, 1.34754, -1.90825, 0.0450207
-0.842921, 0.186652, 0.878812, 1.90047, 1.34754, -1.90825, 0.0294151
-0.812935, 0.18021, 0.876608, 1.90047, 1.34754, -1.90825, 0.0244065
-0.700684, 0.156097, 0.868357, 1.90047, 1.34754, -1.90825, 0.0323569
-0.595486, 0.133498, 0.860625, 1.90047, 1.34754, -1.90825, 0.033267
-0.504781, 0.114013, 0.853958, 1.90047, 1.34754, -1.90825, 0.0324181
-0.419111, 0.0956099, 0.847661, 1.90047, 1.34754, -1.90825, 0.0329217
-0.30885, 0.0719238, 0.839556, 1.90047, 1.34754, -1.90825, 0.0327504
-0.226681, 0.0542725, 0.833517, 1.90047, 1.34754, -1.90825, 0.0333436
-0.148518, 0.0374817, 0.827772, 1.90047, 1.34754, -1.90825, 0.0348304
-0.0540674, 0.017192, 0.820829, 1.90047, 1.34754, -1.90825, 0.0313609
0.0460416, -0.00431324, 0.813471, 1.90047, 1.34754, -1.90825, 0.0331166
0.128914, -0.0221156, 0.80738, 1.90047, 1.34754, -1.90825, 0.0374758
0.25286, -0.0487414, 0.798269, 1.90047, 1.34754, -1.90825, 0.063754
0.292879, -0.0573384, 0.795328, 1.90047, 1.34754, -1.90825, 0.0579496
0.31497, -0.0620838, 0.793704, 1.90047, 1.34754, -1.90825, 0.0356667
0.335245, -0.0664392, 0.792214, 1.90047, 1.34754, -1.90825, 0.029687
0.355501, -0.0707906, 0.790725, 1.90047, 1.34754, -1.90825, 0.0327309
0.377979, -0.0756193, 0.789073, 1.90047, 1.34754, -1.90825, 0.0329368
0.4026, -0.0809084, 0.787263, 1.90047, 1.34754, -1.90825, 0.0331063
0.431366, -0.0870877, 0.785149, 1.90047, 1.34754, -1.90825, 0.0336289
0.452121, -0.0915463, 0.783623, 1.90047, 1.34754, -1.90825, 0.0327979
0.479087, -0.097339, 0.781641, 1.90047, 1.34754, -1.90825, 0.0327323
0.502127, -0.102288, 0.779947, 1.90047, 1.34754, -1.90825, 0.0336804
0.523182, -0.106812, 0.7784, 1.90047, 1.34754, -1.90825, 0.0322515
0.548425, -0.112234, 0.776544, 1.90047, 1.34754, -1.90825, 0.0329335
0.56968, -0.1168, 0.774982, 1.90047, 1.34754, -1.90825, 0.0352378
0.582392, -0.119531, 0.774048, 1.90047, 1.34754, -1.90825, 0.0309514
0.597276, -0.122728, 0.772954, 1.90047, 1.34754, -1.90825, 0.0331686
0.603656, -0.124099, 0.772485, 1.90047, 1.34754, -1.90825, 0.032612
0.608052, -0.125043, 0.772162, 1.90047, 1.34754, -1.90825, 0.0331121
0.61446, -0.12642, 0.771691, 1.90047, 1.34754, -1.90825, 0.0334237
0.618737, -0.127338, 0.771376, 1.90047, 1.34754, -1.90825, 0.0369024
0.623011, -0.128257, 0.771062, 1.90047, 1.34754, -1.90825, 0.0304384
0.629432, -0.129636, 0.77059, 1.90047, 1.34754, -1.90825, 0.0311571
0.640152, -0.131939, 0.769802, 1.90047, 1.34754, -1.90825, 0.0330731
0.646597, -0.133323, 0.769328, 1.90047, 1.34754, -1.90825, 0.034131
0.646597, -0.133323, 0.769328, 1.90047, 1.34754, -1.90825, 0.0384788
0.646597, -0.133323, 0.769328, 1.90047, 1.34754, -1.90825, 0.0393737
0.646597, -0.133323, 0.769328, 1.90047, 1.34754, -1.90825, 0.0503963
0.646597, -0.133323, 0.769328, 1.90047, 1.34754, -1.90825, 0.027574
0.646597, -0.133323, 0.769328, 1.90047, 1.34754, -1.90825, 0.0152859
0.646597, -0.133323, 0.769328, 1.90047, 1.34754, -1.90825, 0.0288414
0.646597, -0.133323, 0.769328, 1.90047, 1.34754, -1.90825, 0.0329004
0.646597, -0.133323, 0.769328, 1.90047, 1.34754, -1.90825, 0.0347623
0.646597, -0.133323, 0.769328, 1.90047, 1.34754, -1.90825, 0.0677473
0.646597, -0.133323, 0.769328, 1.90047, 1.34754, -1.90825, 0.0506559
0.646597, -0.133323, 0.769328, 1.90047, 1.34754, -1.90825, 0.0203887
0.646597, -0.133323, 0.769328, 1.90047, 1.34754, -1.90825, 0.0213401
0.646597, -0.133323, 0.769328, 1.90047, 1.34754, -1.90825, 0.0336563
0.646597, -0.133323, 0.769328, 1.90047, 1.34754, -1.90825, 0.0331548
0.646597, -0.133323, 0.769328, 1.90047, 1.34754, -1.90825, 0.0336078
0.646597, -0.133323, 0.769328, 1.90047, 1.34754, -1.90825, 0.0322649
0.646597, -0.133323, 0.769328, 1.90047, 1.34754, -1.90825, 0.0343913
0.646597, -0.133323, 0.769328, 1.90047, 1.34754, -1.90825, 0.031547
0.646597, -0.133323, 0.769328, 1.90047, 1.34754, -1.90825, 0.0334128
0.646597, -0.133323, 0.769328, 1.90047, 1.34754, -1.90825, 0.0333128
0.646597, -0.133323, 0.769328, 1.90047, 1.34754, -1.90825, 0.0332862
0.646597, -0.133323, 0.769328, 1.90047, 1.34754, -1.90825, 0.0322858
0.646597, -0.133323, 0.769328, 1.90047, 1.34754, -1.90825, 0.0331236
0.646597, -0.133323, 0.769328, 1.90047, 1.34754, -1.90825, 0.0346439
0.646597, -0.133323, 0.769328, 1.90047, 1.34754, -1.90825, 0.0306798
0.646597, -0.133323, 0.769328, 1.90047, 1.34754, -1.90825, 0.0350886
0.646597, -0.133323, 0.769328, 1.90047, 1.34754, -1.90825, 0.0358215
0.646597, -0.133323, 0.769328, 1.90047, 1.34754, -1.90825, 0.0301989
0.646597, -0.133323, 0.769328, 1.90047, 1.34754, -1.90825, 0.0318209
0.646597, -0.133323, 0.769328, 1.90047, 1.34754, -1.90825, 0.0353295
0.646597, -0.133323, 0.769328, 1.90047, 1.34754, -1.90825, 0.036289
0.646597, -0.133323, 0.769328, 1.90047, 1.34754, -1.90825, 0.036198
0.646597, -0.133323, 0.769328, 1.90047, 1.34754, -1.90825, 0.0334396
0.646597, -0.133323, 0.769328, 1.90047, 1.34754, -1.90825, 0.0282603
0.646597, -0.133323, 0.769328, 1.90047, 1.34754, -1.90825, 0.0299365
0.646597, -0.133323, 0.769328, 1.90047, 1.34754, -1.90825, 0.0308303
0.646597, -0.133323, 0.769328, 1.90047, 1.34754, -1.90825, 0.0335116
0.646597, -0.133323, 0.769328, 1.90047, 1.34754, -1.90825, 0.0346489
0.646597, -0.133323, 0.769328, 1.90047, 1.34754, -1.90825, 0.0313039
0.646597, -0.133323, 0.769328, 1.90047, 1.34754, -1.90825, 0.0337925
0.646597, -0.133323, 0.769328, 1.90047, 1.34754, -1.90825, 0.0320609
0.646597, -0.133323, 0.769328, 1.90047, 1.34754, -1.90825, 0.0328435
0.646597, -0.133323, 0.769328, 1.90047, 1.34754, -1.90825, 0.0325818
0.646597, -0.133323, 0.769328, 1.90047, 1.34754, -1.90825, 0.0328681
0.646597, -0.133323, 0.769328, 1.90047, 1.34754, -1.90825, 0.0340096
0.646597, -0.133323, 0.769328, 1.90047, 1.34754, -1.90825, 0.033649
0.646597, -0.133323, 0.769328, 1.90047, 1.34754, -1.90825, 0.0363758
0.646597, -0.133323, 0.769328, 1.90047, 1.34754, -1.90825, 0.0510581
0.646597, -0.133323, 0.769328, 1.90047, 1.34754, -1.90825, 0.0106271
0.631566, -0.130094, 0.770433, 1.90047, 1.34754, -1.90825, 0.0324606
0.565441, -0.11589, 0.775294, 1.90047, 1.34754, -1.90825, 0.0341798
0.479087, -0.097339, 0.781641, 1.90047, 1.34754, -1.90825, 0.0322362
0.396362, -0.0795683, 0.787721, 1.90047, 1.34754, -1.90825, 0.0326319
0.306928, -0.0603563, 0.794295, 1.90047, 1.34754, -1.90825, 0.0330578
0.240945, -0.0461819, 0.799145, 1.90047, 1.34754, -1.90825, 0.034971
0.185555, -0.0342832, 0.803216, 1.90047, 1.34754, -1.90825, 0.0312749
0.126973, -0.0216988, 0.807522, 1.90047, 1.34754, -1.90825, 0.0325701
0.069032, -0.00925199, 0.811781, 1.90047, 1.34754, -1.90825, 0.0330368
0.0232131, 0.000590735, 0.815149, 1.90047, 1.34754, -1.90825, 0.0330306
-0.0240499, 0.0107437, 0.818623, 1.90047, 1.34754, -1.90825, 0.0329732
-0.0839076, 0.0236022, 0.823023, 1.90047, 1.34754, -1.90825, 0.0330805
-0.14119, 0.0359074, 0.827233, 1.90047, 1.34754, -1.90825, 0.0349455
-0.177764, 0.0437643, 0.829921, 1.90047, 1.34754, -1.90825, 0.0310177
-0.228465, 0.0546556, 0.833648, 1.90047, 1.34754, -1.90825, 0.0330402
-0.282235, 0.0662064, 0.8376, 1.90047, 1.34754, -1.90825, 0.0332906
-0.330073, 0.0764829, 0.841116, 1.90047, 1.34754, -1.90825, 0.0331525
-0.3512, 0.0810214, 0.842669, 1.90047, 1.34754, -1.90825, 0.0324126
-0.361702, 0.0832774, 0.843441, 1.90047, 1.34754, -1.90825, 0.0329509
-0.375668, 0.0862774, 0.844468, 1.90047, 1.34754, -1.90825, 0.0330394
-0.393121, 0.0900267, 0.845751, 1.90047, 1.34754, -1.90825, 0.0331109
-0.403522, 0.0922611, 0.846515, 1.90047, 1.34754, -1.90825, 0.0328259
-0.410472, 0.0937539, 0.847026, 1.90047, 1.34754, -1.90825, 0.0353084
-0.415664, 0.0948694, 0.847408, 1.90047, 1.34754, -1.90825, 0.0310046
-0.424318, 0.0967283, 0.848044, 1.90047, 1.34754, -1.90825, 0.0326764
-0.436382, 0.09932, 0.848931, 1.90047, 1.34754, -1.90825, 0.0333657
-0.45013, 0.102273, 0.849941, 1.90047, 1.34754, -1.90825, 0.0334324
-0.463871, 0.105225, 0.850951, 1.90047, 1.34754, -1.90825, 0.0324387
-0.475836, 0.107795, 0.85183, 1.90047, 1.34754, -1.90825, 0.0344629
-0.497992, 0.112555, 0.853459, 1.90047, 1.34754, -1.90825, 0.0312942
-0.506471, 0.114376, 0.854082, 1.90047, 1.34754, -1.90825, 0.0348043
-0.514953, 0.116198, 0.854706, 1.90047, 1.34754, -1.90825, 0.0333032
-0.523416, 0.118016, 0.855328, 1.90047, 1.34754, -1.90825, 0.031506
-0.533522, 0.120187, 0.85607, 1.90047, 1.34754, -1.90825, 0.0350258
-0.541951, 0.121998, 0.85669, 1.90047, 1.34754, -1.90825, 0.0334692
-0.553714, 0.124525, 0.857555, 1.90047, 1.34754, -1.90825, 0.0319571
-0.567121, 0.127405, 0.85854, 1.90047, 1.34754, -1.90825, 0.032994
-0.583825, 0.130993, 0.859768, 1.90047, 1.34754, -1.90825, 0.0346621
-0.595486, 0.133498, 0.860625, 1.90047, 1.34754, -1.90825, 0.0316975
-0.597165, 0.133859, 0.860748, 1.90047, 1.34754, -1.90825, 0.0309132
-0.597165, 0.133859, 0.860748, 1.90047, 1.34754, -1.90825, 0.0328879
-0.597165, 0.133859, 0.860748, 1.90047, 1.34754, -1.90825, 0.0327332
-0.597165, 0.133859, 0.860748, 1.90047, 1.34754, -1.90825, 0.0330787
-0.597165, 0.133859, 0.860748, 1.90047, 1.34754, -1.90825, 0.0329534
-0.597165, 0.133859, 0.860748, 1.90047, 1.34754, -1.90825, 0.0328857
-0.597165, 0.133859, 0.860748, 1.90047, 1.34754, -1.90825, 0.0331088
-0.597165, 0.133859, 0.860748, 1.90047, 1.34754, -1.90825, 0.00915736
-0.597165, 0.133859, 0.860748, 1.90047, 1.34754, -1.90825, 0.924198
-0.597035, 0.133859, 0.862519, 1.90047, 1.34754, -1.90825, 0.000674913
-0.597169, 0.133859, 0.860697, 1.90047, 1.34754, -1.90825, 0.0256923
-0.59809, 0.133859, 0.848166, 1.90047, 1.34754, -1.90825, 0.0323132
-0.600214, 0.133859, 0.819271, 1.90047, 1.34754, -1.90825, 0.0377912
-0.604359, 0.133859, 0.76288, 1.90047, 1.34754, -1.90825, 0.0263256
-0.605841, 0.133859, 0.742723, 1.90047, 1.34754, -1.90825, 0.0516213
-0.610455, 0.133859, 0.679947, 1.90047, 1.34754, -1.90825, 0.0225358
-0.612922, 0.133859, 0.646386, 1.90047, 1.34754, -1.90825, 0.0260798
-0.614022, 0.133859, 0.631413, 1.90047, 1.34754, -1.90825, 0.0322942
-0.616093, 0.133859, 0.603236, 1.90047, 1.34754, -1.90825, 0.0592608
-0.616093, 0.133859, 0.603236, 1.90047, 1.34754, -1.90825, 0.00874956
-0.617203, 0.133859, 0.588136, 1.90047, 1.34754, -1.90825, 0.0307557
-0.617759, 0.133859, 0.580577, 1.90047, 1.34754, -1.90825, 0.0427478
-0.618037, 0.133859, 0.576796, 1.90047, 1.34754, -1.90825, 0.0240878
-0.618315, 0.133859, 0.573007, 1.90047, 1.34754, -1.90825, 0.0383853
-0.619152, 0.133859, 0.561622, 1.90047, 1.34754, -1.90825, 0.0277359
-0.61985, 0.133859, 0.552127, 1.90047, 1.34754, -1.90825, 0.0481236
-0.61999, 0.133859, 0.55022, 1.90047, 1.34754, -1.90825, 0.0195294
-0.61999, 0.133859, 0.55022, 1.90047, 1.34754, -1.90825, 0.030217
-0.61999, 0.133859, 0.55022, 1.90047, 1.34754, -1.90825, 0.0335063
-0.61999, 0.133859, 0.55022, 1.90047, 1.34754, -1.90825, 0.0338895
-0.61999, 0.133859, 0.55022, 1.90047, 1.34754, -1.90825, 0.0397581
-0.618176, 0.133859, 0.574899, 1.90047, 1.34754, -1.90825, 0.0290303
-0.615125, 0.133859, 0.616404, 1.90047, 1.34754, -1.90825, 0.0447327
-0.611413, 0.133859, 0.666906, 1.90047, 1.34754, -1.90825, 0.0285973
-0.610318, 0.133859, 0.681802, 1.90047, 1.34754, -1.90825, 0.0214045
-0.608141, 0.133859, 0.711428, 1.90047, 1.34754, -1.90825, 0.0338333
-0.604628, 0.133859, 0.759221, 1.90047, 1.34754, -1.90825, 0.0367924
-0.60088, 0.133859, 0.810215, 1.90047, 1.34754, -1.90825, 0.0422546
-0.598886, 0.133859, 0.837333, 1.90047, 1.34754, -1.90825, 0.0187362
-0.596638, 0.133859, 0.867926, 1.90047, 1.34754, -1.90825, 0.0331811
-0.594406, 0.133859, 0.89829, 1.90047, 1.34754, -1.90825, 0.0330467
-0.592967, 0.133859, 0.917862, 1.90047, 1.34754, -1.90825, 0.0326494
-0.591664, 0.133859, 0.935592, 1.90047, 1.34754, -1.90825, 0.0350652
-0.590625, 0.133859, 0.949732, 1.90047, 1.34754, -1.90825, 0.0308868
-0.589718, 0.133859, 0.962074, 1.90047, 1.34754, -1.90825, 0.0330375
-0.58894, 0.133859, 0.972655, 1.90047, 1.34754, -1.90825, 0.0412871
-0.588297, 0.133859, 0.981409, 1.90047, 1.34754, -1.90825, 0.027599
-0.587652, 0.133859, 0.990175, 1.90047, 1.34754, -1.90825, 0.0327568
-0.586624, 0.133859, 1.00417, 1.90047, 1.34754, -1.90825, 0.031383
-0.585982, 0.133859, 1.0129, 1.90047, 1.34754, -1.90825, 0.0325221
-0.585214, 0.133859, 1.02335, 1.90047, 1.34754, -1.90825, 0.0343377
-0.584828, 0.133859, 1.02859, 1.90047, 1.34754, -1.90825, 0.0318568
-0.584445, 0.133859, 1.0338, 1.90047, 1.34754, -1.90825, 0.0324403
-0.584192, 0.133859, 1.03726, 1.90047, 1.34754, -1.90825, 0.0327308
-0.583935, 0.133859, 1.04075, 1.90047, 1.34754, -1.90825, 0.0329806
-0.583555, 0.133859, 1.04592, 1.90047, 1.34754, -1.90825, 0.0331468
-0.583298, 0.133859, 1.04942, 1.90047, 1.34754, -1.90825, 0.0329264
-0.583172, 0.133859, 1.05112, 1.90047, 1.34754, -1.90825, 0.0331358
-0.582918, 0.133859, 1.05458, 1.90047, 1.34754, -1.90825, 0.0328046
-0.582918, 0.133859, 1.05458, 1.90047, 1.34754, -1.90825, 0.0331299
-0.582918, 0.133859, 1.05458, 1.90047, 1.34754, -1.90825, 0.0366227
-0.582918, 0.133859, 1.05458, 1.90047, 1.34754, -1.90825, 0.0293796
-0.582918, 0.133859, 1.05458, 1.90047, 1.34754, -1.90825, 0.0246333
-0.582918, 0.133859, 1.05458, 1.90047, 1.34754, -1.90825, 2.06603
-0.582891, 0.133853, 1.05458, 1.90047, 1.34754, -1.90825, 0.0214368
-0.575507, 0.132267, 1.05404, 1.90047, 1.34754, -1.90825, 0.0347289
-0.552467, 0.127318, 1.05235, 1.90047, 1.34754, -1.90825, 0.0315406
-0.537005, 0.123996, 1.05121, 1.90047, 1.34754, -1.90825, 0.0341102
-0.516507, 0.119593, 1.0497, 1.90047, 1.34754, -1.90825, 0.0321821
-0.489099, 0.113705, 1.04769, 1.90047, 1.34754, -1.90825, 0.0345178
-0.460024, 0.107459, 1.04555, 1.90047, 1.34754, -1.90825, 0.0415378
-0.435429, 0.102176, 1.04374, 1.90047, 1.34754, -1.90825, 0.0228829
-0.414048, 0.0975826, 1.04217, 1.90047, 1.34754, -1.90825, 0.0329496
-0.385226, 0.0913912, 1.04005, 1.90047, 1.34754, -1.90825, 0.0328666
-0.3643, 0.0868959, 1.03851, 1.90047, 1.34754, -1.90825, 0.0329737
-0.343702, 0.0824712, 1.037, 1.90047, 1.34754, -1.90825, 0.0328462
-0.306783, 0.0745403, 1.03429, 1.90047, 1.34754, -1.90825, 0.032988
-0.265111, 0.0655883, 1.03122, 1.90047, 1.34754, -1.90825, 0.0328738
-0.247386, 0.0617806, 1.02992, 1.90047, 1.34754, -1.90825, 0.0331761
-0.221822, 0.056289, 1.02804, 1.90047, 1.34754, -1.90825, 0.0327425
-0.198446, 0.0512675, 1.02632, 1.90047, 1.34754, -1.90825, 0.0330442
-0.193277, 0.0501572, 1.02594, 1.90047, 1.34754, -1.90825, 0.0330406
-0.178736, 0.0470334, 1.02488, 1.90047, 1.34754, -1.90825, 0.0150029
-0.178736, 0.0470334, 1.02488, 1.90047, 1.34754, -1.90825, 1.70582
-0.178736, 0.0470334, 1.02488, 1.90047, 1.34754, -1.90825, 0.00341679
-0.17866, 0.0470324, 1.02584, 1.94115, 1.34415, -1.9479, 0.0387172
-0.178347, 0.0470153, 1.02901, 2.06601, 1.33061, -2.06939, 0.0344886
-0.178347, 0.0470153, 1.02901, 2.06601, 1.33061, -2.06939, 0.0397261
-0.178281, 0.04701, 1.02957, 2.08668, 1.32785, -2.08945, 0.0206557
-0.177929, 0.0469763, 1.03221, 2.1777, 1.31364, -2.17765, 0.0339795
-0.177536, 0.0469311, 1.03468, 2.25422, 1.29861, -2.25151, 0.0335764
-0.173002, 0.0462328, 1.05191, 2.60922, 1.16261, -2.58732, 0.0462205
-0.170993, 0.0458844, 1.05706, 2.67541, 1.11464, -2.64744, 0.0180508
-0.167494, 0.0452536, 1.06449, 2.75274, 1.04071, -2.71561, 0.0321494
-0.165828, 0.0449459, 1.06756, 2.7799, 1.00864, -2.73882, 0.0332653
-0.164606, 0.0447176, 1.06966, 2.79724, 0.986104, -2.75339, 0.0329723
-0.164606, 0.0447176, 1.06966, 2.79724, 0.986104, -2.75339, 0.067563
-0.164606, 0.0447176, 1.06966, 2.79724, 0.986104, -2.75339, 0.0240629
-0.164606, 0.0447176, 1.06966, 2.79724, 0.986104, -2.75339, 0.384538
-0.163215, 0.0444069, 1.06879, 2.79724, 0.986104, -2.75339, 0.019869
-0.157559, 0.0431431, 1.06527, 2.79724, 0.986104, -2.75339, 0.0332296
-0.151929, 0.041885, 1.06176, 2.79724, 0.986104, -2.75339, 0.0327723
-0.1427, 0.0398229, 1.05601, 2.79724, 0.986104, -2.75339, 0.0330389
-0.107829, 0.0320311, 1.03429, 2.79724, 0.986104, -2.75339, 0.0330554
-0.0603427, 0.0214203, 1.0047, 2.79724, 0.986104, -2.75339, 0.0330268
-0.0486891, 0.0188163, 0.997441, 2.79724, 0.986104, -2.75339, 0.0329684
-0.0297207, 0.0145779, 0.985623, 2.79724, 0.986104, -2.75339, 0.0332861
0.01736, 0.00405782, 0.95629, 2.79724, 0.986104, -2.75339, 0.0326344
0.0418602, -0.0014167, 0.941025, 2.79724, 0.986104, -2.75339, 0.0338912
0.0464304, -0.0024379, 0.938178, 2.79724, 0.986104, -2.75339, 0.0328322
0.0487161, -0.00294864, 0.936754, 2.79724, 0.986104, -2.75339, 0.033081
0.0487161, -0.00294864, 0.936754, 2.79724, 0.986104, -2.75339, 0.0323455
0.0515882, -0.00359041, 0.934964, 2.79724, 0.986104, -2.75339, 0.0330457
0.052445, -0.00378185, 0.934431, 2.79724, 0.986104, -2.75339, 0.0328295
0.0584525, -0.0051242, 0.930688, 2.79724, 0.986104, -2.75339, 0.033603
0.0696631, -0.00762921, 0.923703, 2.79724, 0.986104, -2.75339, 0.0339058
0.0846904, -0.010987, 0.914341, 2.79724, 0.986104, -2.75339, 0.0318549
0.0907617, -0.0123436, 0.910558, 2.79724, 0.986104, -2.75339, 0.0343563
0.0930686, -0.0128591, 0.909121, 2.79724, 0.986104, -2.75339, 0.0318336
0.106712, -0.0159076, 0.90062, 2.79724, 0.986104, -2.75339, 0.0334857
0.128008, -0.0206661, 0.887352, 2.79724, 0.986104, -2.75339, 0.032727
0.141814, -0.0237512, 0.87875, 2.79724, 0.986104, -2.75339, 0.0331503
0.159473, -0.0276971, 0.867748, 2.79724, 0.986104, -2.75339, 0.0360203
0.174244, -0.0309976, 0.858545, 2.79724, 0.986104, -2.75339, 0.0307083
0.187352, -0.0339266, 0.850378, 2.79724, 0.986104, -2.75339, 0.03267
0.192085, -0.0349841, 0.84743, 2.79724, 0.986104, -2.75339, 0.0319609
0.209146, -0.0387964, 0.8368, 2.79724, 0.986104, -2.75339, 0.0328803
0.230402, -0.043546, 0.823556, 2.79724, 0.986104, -2.75339, 0.032859
0.247632, -0.047396, 0.812822, 2.79724, 0.986104, -2.75339, 0.0331704
0.262782, -0.0507812, 0.803383, 2.79724, 0.986104, -2.75339, 0.0335983
0.272218, -0.0528896, 0.797504, 2.79724, 0.986104, -2.75339, 0.0352347
0.284988, -0.0557431, 0.789547, 2.79724, 0.986104, -2.75339, 0.0300465
0.305862, -0.0604073, 0.776542, 2.79724, 0.986104, -2.75339, 0.033034
0.32434, -0.0645362, 0.76503, 2.79724, 0.986104, -2.75339, 0.0330365
0.32434, -0.0645362, 0.76503, 2.79724, 0.986104, -2.75339, 0.0379626
0.330816, -0.0659832, 0.760995, 2.79724, 0.986104, -2.75339, 0.0426015
0.349434, -0.0701435, 0.749395, 2.79724, 0.986104, -2.75339, 0.0464117
0.353466, -0.0710443, 0.746883, 2.79724, 0.986104, -2.75339, 0.00994514
0.382858, -0.077612, 0.72857, 2.79724, 0.986104, -2.75339, 0.0282617
0.397629, -0.0809125, 0.719368, 2.79724, 0.986104, -2.75339, 0.032739
0.419091, -0.0857082, 0.705996, 2.79724, 0.986104, -2.75339, 0.0330587
0.442299, -0.090894, 0.691537, 2.79724, 0.986104, -2.75339, 0.033032
0.459848, -0.0948152, 0.680603, 2.79724, 0.986104, -2.75339, 0.0327751
0.469794, -0.0970376, 0.674406, 2.79724, 0.986104, -2.75339, 0.0331639
0.470764, -0.0972543, 0.673802, 2.79724, 0.986104, -2.75339, 0.033412
0.485883, -0.100633, 0.664382, 2.79724, 0.986104, -2.75339, 0.0325357
0.492659, -0.102147, 0.660161, 2.79724, 0.986104, -2.75339, 0.0329973
0.492659, -0.102147, 0.660161, 2.79724, 0.986104, -2.75339, 0.0330444
0.498502, -0.103452, 0.65652, 2.79724, 0.986104, -2.75339, 0.0330774
0.498502, -0.103452, 0.65652, 2.79724, 0.986104, -2.75339, 0.0338065
0.502678, -0.104385, 0.653918, 2.79724, 0.986104, -2.75339, 0.0200371
0.502678, -0.104385, 0.653918, 2.79724, 0.986104, -2.75339, 0.371211
0.504176, -0.104666, 0.656422, 2.79724, 0.986104, -2.75339, 0.0162428
0.504176, -0.104666, 0.656422, 2.79724, 0.986104, -2.75339, 0.0210617
0.505645, -0.104941, 0.658878, 2.79724, 0.986104, -2.75339, 0.0340925
0.505645, -0.104941, 0.658878, 2.79724, 0.986104, -2.75339, 0.0319428
0.511305, -0.106002, 0.668344, 2.79724, 0.986104, -2.75339, 0.035014
0.518967, -0.107438, 0.681157, 2.79724, 0.986104, -2.75339, 0.0307344
0.526633, -0.108875, 0.693977, 2.79724, 0.986104, -2.75339, 0.0329897
0.528996, -0.109317, 0.697928, 2.79724, 0.986104, -2.75339, 0.0338302
0.528996, -0.109317, 0.697928, 2.79724, 0.986104, -2.75339, 0.0322795
0.528996, -0.109317, 0.697928, 2.79724, 0.986104, -2.75339, 0.0327789
0.528996, -0.109317, 0.697928, 2.79724, 0.986104, -2.75339, 0.0333306
0.528996, -0.109317, 0.697928, 2.79724, 0.986104, -2.75339, 0.022661
0.528996, -0.109317, 0.697928, 2.79724, 0.986104, -2.75339, 0.397205
0.528985, -0.109315, 0.69791, 2.79724, 0.986104, -2.75339, 0.00964862
0.525738, -0.108707, 0.692479, 2.79724, 0.986104, -2.75339, 0.0332829
0.524289, -0.108435, 0.690057, 2.79724, 0.986104, -2.75339, 0.0327953
0.514295, -0.106562, 0.673344, 2.79724, 0.986104, -2.75339, 0.0512049
0.506643, -0.105129, 0.660548, 2.79724, 0.986104, -2.75339, 0.0361342
0.506643, -0.105129, 0.660548, 2.79724, 0.986104, -2.75339, 0.0204929
0.506643, -0.105129, 0.660548, 2.79724, 0.986104, -2.75339, 0.0253993
0.498098, -0.103527, 0.646259, 2.79724, 0.986104, -2.75339, 0.0321341
0.488939, -0.101811, 0.630942, 2.79724, 0.986104, -2.75339, 0.03432
0.47591, -0.099369, 0.609155, 2.79724, 0.986104, -2.75339, 0.0303739
0.463987, -0.0971347, 0.589217, 2.79724, 0.986104, -2.75339, 0.032846
0.451434, -0.0947823, 0.568226, 2.79724, 0.986104, -2.75339, 0.0346978
0.442173, -0.0930467, 0.552739, 2.79724, 0.986104, -2.75339, 0.0318821
0.429561, -0.0906831, 0.531647, 2.79724, 0.986104, -2.75339, 0.0325951
0.417831, -0.0884849, 0.512032, 2.79724, 0.986104, -2.75339, 0.0327266
0.409987, -0.0870149, 0.498915, 2.79724, 0.986104, -2.75339, 0.0330776
0.394835, -0.0841754, 0.473577, 2.79724, 0.986104, -2.75339, 0.0442478
0.380554, -0.0814991, 0.449696, 2.79724, 0.986104, -2.75339, 0.0398231
0.368665, -0.0792711, 0.429815, 2.79724, 0.986104, -2.75339, 0.021754
0.359789, -0.0776077, 0.414972, 2.79724, 0.986104, -2.75339, 0.0264755
0.347844, -0.0753692, 0.394997, 2.79724, 0.986104, -2.75339, 0.0329386
0.342926, -0.0744475, 0.386772, 2.79724, 0.986104, -2.75339, 0.0330109
0.339851, -0.0738713, 0.38163, 2.79724, 0.986104, -2.75339, 0.0328069
0.33892, -0.0736969, 0.380074, 2.79724, 0.986104, -2.75339, 0.0329554
0.33892, -0.0736969, 0.380074, 2.79724, 0.986104, -2.75339, 0.0330418
0.33892, -0.0736969, 0.380074, 2.79724, 0.986104, -2.75339, 0.0335297
0.33892, -0.0736969, 0.380074, 2.79724, 0.986104, -2.75339, 0.938386
0.33892, -0.0736969, 0.380074, 2.79724, 0.986104, -2.75339, 0.0179152
0.339361, -0.0737796, 0.380804, 2.80305, 0.978166, -2.75822, 0.0357086
0.340252, -0.0739474, 0.382238, 2.81415, 0.962404, -2.76738, 0.0308926
0.347386, -0.0753164, 0.392129, 2.8818, 0.84689, -2.82067, 0.0325205
0.353291, -0.0764744, 0.398726, 2.9207, 0.761733, -2.84871, 0.0328346
0.358396, -0.0774889, 0.403585, 2.94741, 0.69336, -2.86649, 0.0329866
0.369537, -0.0797353, 0.412124, 2.99277, 0.555906, -2.89308, 0.0335097
0.382606, -0.082414, 0.419364, 3.03334, 0.40827, -2.91195, 0.0324635
0.38768, -0.0834642, 0.421513, 3.04695, 0.35361, -2.91701, 0.0329785
0.392587, -0.0844849, 0.423278, 3.05934, 0.301779, -2.921, 0.0330853
0.397349, -0.08548, 0.424713, 3.0708, 0.252258, -2.92413, 0.033353
0.402936, -0.0866525, 0.426061, 3.08369, 0.194959, -2.92699, 0.0327475
0.402936, -0.0866525, 0.426061, 3.08369, 0.194959, -2.92699, 0.0328199
0.402936, -0.0866525, 0.426061, 3.08369, 0.194959, -2.92699, 0.0350019
0.40462, -0.087007, 0.426399, 3.08749, 0.177819, -2.9277, 0.031383
0.40462, -0.087007, 0.426399, 3.08749, 0.177819, -2.9277, 0.0327286
0.40462, -0.087007, 0.426399, 3.08749, 0.177819, -2.9277, 0.0330445
0.40462, -0.087007, 0.426399, 3.08749, 0.177819, -2.9277, 0.0339837
0.40462, -0.087007, 0.426399, 3.08749, 0.177819, -2.9277, 0.0294311
0.40462, -0.087007, 0.426399, 3.08749, 0.177819, -2.9277, 0.93611
0.409595, -0.088057, 0.427217, 3.0985, 0.127485, -2.92937, 0.0234589
0.414452, -0.0890864, 0.427758, 3.10905, 0.0786466, -2.93046, 0.0337768
0.421281, -0.0905401, 0.428099, 3.12369, 0.0102789, -2.93111, 0.031972
0.422301, -0.090758, 0.428108, 3.12587, 7.18899e-05, -2.93112, 0.0331373
0.427114, -0.091788, 0.428003, 3.13617, -0.0480767, -2.93087, 0.0336263
0.431971, -0.0928312, 0.427651, 0.00503726, -3.04482, 0.211478, 0.0322601
0.435399, -0.0935699, 0.427252, 0.0125087, -3.01032, 0.212328, 0.0336626
0.436861, -0.0938856, 0.427043, 0.0157264, -2.99555, 0.212773, 0.0325855
0.436861, -0.0938856, 0.427043, 0.0157264, -2.99555, 0.212773, 0.0330638
0.436861, -0.0938856, 0.427043, 0.0157264, -2.99555, 0.212773, 0.0329078
0.436861, -0.0938856, 0.427043, 0.0157264, -2.99555, 0.212773, 0.00745771
0.436861, -0.0938856, 0.427043, 0.0157264, -2.99555, 0.212773, 0.585752
0.434887, -0.0934591, 0.427341, 0.0157264, -2.99555, 0.212773, 0.000722342
0.434887, -0.0934591, 0.427341, 0.0157264, -2.99555, 0.212773, 0.0329822
0.434887, -0.0934591, 0.427341, 0.0157264, -2.99555, 0.212773, 0.033712
0.434887, -0.0934591, 0.427341, 0.0157264, -2.99555, 0.212773, 0.0327135
0.432893, -0.0930284, 0.427641, 0.0157264, -2.99555, 0.212773, 0.0334008
0.4309, -0.0925979, 0.427941, 0.0157264, -2.99555, 0.212773, 0.0322916
0.426956, -0.0917459, 0.428534, 0.0157264, -2.99555, 0.212773, 0.0329989
0.426956, -0.0917459, 0.428534, 0.0157264, -2.99555, 0.212773, 0.0329217
0.423008, -0.0908929, 0.429129, 0.0157264, -2.99555, 0.212773, 0.034392
0.420824, -0.0904211, 0.429457, 0.0157264, -2.99555, 0.212773, 0.0322016
0.412937, -0.0887174, 0.430644, 0.0157264, -2.99555, 0.212773, 0.0357131
0.41097, -0.0882925, 0.43094, 0.0157264, -2.99555, 0.212773, 0.0305683
0.407019, -0.0874389, 0.431535, 0.0157264, -2.99555, 0.212773, 0.0343188
0.407019, -0.0874389, 0.431535, 0.0157264, -2.99555, 0.212773, 0.0339062
0.405028, -0.0870088, 0.431835, 0.0157264, -2.99555, 0.212773, 0.0302203
0.399131, -0.0857348, 0.432722, 0.0157264, -2.99555, 0.212773, 0.043716
0.337816, -0.0724893, 0.44195, 0.0157264, -2.99555, 0.212773, 0.0452905
0.286949, -0.0615005, 0.449606, 0.0157264, -2.99555, 0.212773, 0.0203615
0.271309, -0.0581219, 0.45196, 0.0157264, -2.99555, 0.212773, 0.0223648
0.271309, -0.0581219, 0.45196, 0.0157264, -2.99555, 0.212773, 0.0329042
0.271309, -0.0581219, 0.45196, 0.0157264, -2.99555, 0.212773, 0.0329846
0.271309, -0.0581219, 0.45196, 0.0157264, -2.99555, 0.212773, 0.0328669
0.271309, -0.0581219, 0.45196, 0.0157264, -2.99555, 0.212773, 0.0334948
0.271309, -0.0581219, 0.45196, 0.0157264, -2.99555, 0.212773, 0.0325924
0.271309, -0.0581219, 0.45196, 0.0157264, -2.99555, 0.212773, 0.0328579
0.271309, -0.0581219, 0.45196, 0.0157264, -2.99555, 0.212773, 0.00588223
0.271309, -0.0581219, 0.45196, 0.0157264, -2.99555, 0.212773, 0.934268
0.27131, -0.058122, 0.451964, 0.0157264, -2.99555, 0.212773, 0.0475773
0.27131, -0.058122, 0.451964, 0.0157264, -2.99555, 0.212773, 0.0107686
0.27131, -0.058122, 0.451964, 0.0157264, -2.99555, 0.212773, 0.024433
0.26996, -0.0579777, 0.442791, 0.0157264, -2.99555, 0.212773, 0.0360622
0.262922, -0.0572252, 0.39495, 0.0157264, -2.99555, 0.212773, 0.029615
0.258908, -0.0567961, 0.367663, 0.0157264, -2.99555, 0.212773, 0.032966
0.257859, -0.0566839, 0.360532, 0.0157264, -2.99555, 0.212773, 0.0334559
0.256148, -0.056501, 0.348901, 0.0157264, -2.99555, 0.212773, 0.0325193
0.255484, -0.05643, 0.344385, 0.0157264, -2.99555, 0.212773, 0.0329855
0.255484, -0.05643, 0.344385, 0.0157264, -2.99555, 0.212773, 0.032988
0.255484, -0.05643, 0.344385, 0.0157264, -2.99555, 0.212773, 0.0334782
0.255484, -0.05643, 0.344385, 0.0157264, -2.99555, 0.212773, 0.0336174
0.255484, -0.05643, 0.344385, 0.0157264, -2.99555, 0.212773, 0.0324391
0.255484, -0.05643, 0.344385, 0.0157264, -2.99555, 0.212773, 0.0354132
0.255484, -0.05643, 0.344385, 0.0157264, -2.99555, 0.212773, 0.0299233
0.255484, -0.05643, 0.344385, 0.0157264, -2.99555, 0.212773, 0.033052
0.255151, -0.0563943, 0.34212, 0.0157264, -2.99555, 0.212773, 0.0356023
0.255816, -0.0564655, 0.346641, 0.0157264, -2.99555, 0.212773, 0.0305438
0.268978, -0.0578726, 0.436112, 0.0157264, -2.99555, 0.212773, 0.0331625
0.286791, -0.0597771, 0.557203, 0.0157264, -2.99555, 0.212773, 0.0329641
0.29616, -0.0607788, 0.62089, 0.0157264, -2.99555, 0.212773, 0.0327314
0.296796, -0.0608467, 0.625213, 0.0157264, -2.99555, 0.212773, 0.0329658
0.297781, -0.0609521, 0.631911, 0.0157264, -2.99555, 0.212773, 0.0330657
0.297781, -0.0609521, 0.631911, 0.0157264, -2.99555, 0.212773, 0.0338348
0.297781, -0.0609521, 0.631911, 0.0157264, -2.99555, 0.212773, 0.0322949
0.297781, -0.0609521, 0.631911, 0.0157264, -2.99555, 0.212773, 0.0332348
0.298406, -0.0610189, 0.636159, 0.0157264, -2.99555, 0.212773, 0.0325403
0.299394, -0.0611245, 0.642874, 0.0157264, -2.99555, 0.212773, 0.0330548
0.300955, -0.0612914, 0.653483, 0.0157264, -2.99555, 0.212773, 0.0331254
0.301623, -0.0613628, 0.658022, 0.0157264, -2.99555, 0.212773, 0.0373307
0.301623, -0.0613628, 0.658022, 0.0157264, -2.99555, 0.212773, 0.482422
0.302633, -0.0566348, 0.657948, 0.0157264, -2.99555, 0.212773, 0.00809659
0.296658, -0.0845975, 0.658387, 0.0157264, -2.99555, 0.212773, 0.035381
0.285591, -0.136397, 0.6592, 0.0157264, -2.99555, 0.212773, 0.0308736
0.271912, -0.200418, 0.660206, 0.0157264, -2.99555, 0.212773, 0.0326842
0.260669, -0.253035, 0.661032, 0.0157264, -2.99555, 0.212773, 0.0329996
0.253662, -0.285831, 0.661547, 0.0157264, -2.99555, 0.212773, 0.0330778
0.248402, -0.310448, 0.661934, 0.0157264, -2.99555, 0.212773, 0.0329195
0.243281, -0.334417, 0.66231, 0.0157264, -2.99555, 0.212773, 0.0332038
0.240602, -0.346956, 0.662507, 0.0157264, -2.99555, 0.212773, 0.0328579
0.238701, -0.355852, 0.662647, 0.0157264, -2.99555, 0.212773, 0.0329956
0.235661, -0.370078, 0.66287, 0.0157264, -2.99555, 0.212773, 0.0329233
0.231951, -0.387444, 0.663143, 0.0157264, -2.99555, 0.212773, 0.033194
0.231951, -0.387444, 0.663143, 0.0157264, -2.99555, 0.212773, 0.0330258
0.231951, -0.387444, 0.663143, 0.0157264, -2.99555, 0.212773, 0.0327907
0.230848, -0.392608, 0.663224, 0.0157264, -2.99555, 0.212773, 0.0287903
0.230848, -0.392608, 0.663224, 0.0157264, -2.99555, 0.212773, 0.00287298
0.230848, -0.392608, 0.663224, 0.0157264, -2.99555, 0.212773, 0.198746
0.230845, -0.392607, 0.663206, 0.0157264, -2.99555, 0.212773, 0.000646172
0.230571, -0.392578, 0.661341, 0.0157264, -2.99555, 0.212773, 0.0335778
0.231665, -0.392695, 0.668778, 0.0157264, -2.99555, 0.212773, 0.0340537
0.23335, -0.392875, 0.680234, 0.0157264, -2.99555, 0.212773, 0.0343367
0.235338, -0.393088, 0.69375, 0.0157264, -2.99555, 0.212773, 0.0306428
0.237822, -0.393353, 0.710636, 0.0157264, -2.99555, 0.212773, 0.0327966
0.241154, -0.39371, 0.733286, 0.0157264, -2.99555, 0.212773, 0.0333801
0.244724, -0.394091, 0.757551, 0.0157264, -2.99555, 0.212773, 0.0327659
0.246374, -0.394268, 0.768767, 0.0157264, -2.99555, 0.212773, 0.035851
0.246374, -0.394268, 0.768767, 0.0157264, -2.99555, 0.212773, 0.0304394
0.246374, -0.394268, 0.768767, 0.0157264, -2.99555, 0.212773, 0.034486
0.246374, -0.394268, 0.768767, 0.0157264, -2.99555, 0.212773, 0.0309459
0.246374, -0.394268, 0.768767, 0.0157264, -2.99555, 0.212773, 0.0328744
0.246374, -0.394268, 0.768767, 0.0157264, -2.99555, 0.212773, 0.0332326
0.246374, -0.394268, 0.768767, 0.0157264, -2.99555, 0.212773, 0.0343833
0.246374, -0.394268, 0.768767, 0.0157264, -2.99555, 0.212773, 0.0321338
0.247439, -0.394382, 0.776008, 0.0157264, -2.99555, 0.212773, 0.032452
0.252607, -0.394934, 0.811136, 0.0157264, -2.99555, 0.212773, 0.0362138
0.26414, -0.396167, 0.889532, 0.0157264, -2.99555, 0.212773, 0.0305847
0.269931, -0.396786, 0.928898, 0.0157264, -2.99555, 0.212773, 0.0328419
0.269931, -0.396786, 0.928898, 0.0157264, -2.99555, 0.212773, 0.0322684
0.270185, -0.396813, 0.930625, 0.0157264, -2.99555, 0.212773, 0.0331359
0.270185, -0.396813, 0.930625, 0.0157264, -2.99555, 0.212773, 0.00430924
0.312787, -0.30683, 0.78333, 0.0157977, -2.99516, 0.212327, 3.25261
0.313153, -0.305111, 0.783303, 0.0157977, -2.99516, 0.212327, 0.0192538
0.313891, -0.30165, 0.783249, 0.0157977, -2.99516, 0.212327, 0.0363748
0.316532, -0.28926, 0.783055, 0.0157977, -2.99516, 0.212327, 0.0309074
0.327553, -0.237564, 0.782246, 0.0157977, -2.99516, 0.212327, 0.0324408
0.339866, -0.179809, 0.781342, 0.0157977, -2.99516, 0.212327, 0.032851
0.350377, -0.130505, 0.780571, 0.0157977, -2.99516, 0.212327, 0.0327141
0.359068, -0.0897385, 0.779933, 0.0157977, -2.99516, 0.212327, 0.0326058
0.362637, -0.0730001, 0.779671, 0.0157977, -2.99516, 0.212327, 0.0330851
0.36303, -0.0711575, 0.779642, 0.0157977, -2.99516, 0.212327, 0.0330068
0.365042, -0.0617186, 0.779494, 0.0157977, -2.99516, 0.212327, 0.0328899
0.365437, -0.0598674, 0.779465, 0.0157977, -2.99516, 0.212327, 0.0331181
0.367404, -0.050638, 0.779321, 0.0157977, -2.99516, 0.212327, 0.0330637
0.370614, -0.0355837, 0.779085, 0.0157977, -2.99516, 0.212327, 0.0329487
0.371455, -0.0316381, 0.779024, 0.0157977, -2.99516, 0.212327, 0.0333661
0.375077, -0.0146493, 0.778758, 0.0157977, -2.99516, 0.212327, 0.0325197
0.379512, 0.00615749, 0.778432, 0.0157977, -2.99516, 0.212327, 0.0330592
0.38357, 0.0251902, 0.778135, 0.0157977, -2.99516, 0.212327, 0.0449488
0.386437, 0.0386374, 0.777924, 0.0157977, -2.99516, 0.212327, 0.0329807
0.386437, 0.0386374, 0.777924, 0.0157977, -2.99516, 0.212327, 0.0234547
0.387243, 0.0424194, 0.777865, 0.0157977, -2.99516, 0.212327, 0.0320796
0.387699, 0.0445573, 0.777831, 0.0157977, -2.99516, 0.212327, 0.032026
0.387699, 0.0445573, 0.777831, 0.0157977, -2.99516, 0.212327, 0.0328338
0.387699, 0.0445573, 0.777831, 0.0157977, -2.99516, 0.212327, 0.0328424
0.387699, 0.0445573, 0.777831, 0.0157977, -2.99516, 0.212327, 0.0344547
0.387699, 0.0445573, 0.777831, 0.0157977, -2.99516, 0.212327, 0.0313066
0.387699, 0.0445573, 0.777831, 0.0157977, -2.99516, 0.212327, 0.0139098
0.387699, 0.0445573, 0.777831, 0.0157977, -2.99516, 0.212327, 0.878907
0.387699, 0.0445573, 0.777831, 0.0157977, -2.99516, 0.212327, 0.000161633
0.387699, 0.0445573, 0.777831, 0.0157977, -2.99516, 0.212327, 0.0313954
0.387699, 0.0445573, 0.777831, 0.0157977, -2.99516, 0.212327, 0.0325177
0.388262, 0.0472267, 0.777753, 3.1304, -0.152128, -2.93328, 0.0334021
0.389308, 0.0523273, 0.777398, 3.07865, -0.162718, -2.9414, 0.0337021
0.390446, 0.0581177, 0.776666, 3.01947, -0.174258, -2.95132, 0.0319724
0.391921, 0.0660733, 0.77508, 2.93701, -0.189261, -2.96624, 0.0336788
0.392632, 0.0701197, 0.774008, 2.89438, -0.196499, -2.97441, 0.0333796
0.393694, 0.0764987, 0.771937, 2.82594, -0.207345, -2.98814, 0.0319263
0.394435, 0.0812311, 0.770086, 2.77399, -0.21492, -2.99903, 0.033079
0.395281, 0.0870076, 0.767439, 2.70891, -0.223583, -3.01319, 0.0329763
0.395534, 0.0888315, 0.766509, 2.68791, -0.226177, -3.01787, 0.0330361
0.396298, 0.094703, 0.763187, 2.61864, -0.234027, -3.03368, 0.0330038
0.396594, 0.0971639, 0.761636, 2.58873, -0.237075, -3.04066, 0.0329086
0.397264, 0.103293, 0.757322, 2.51156, -0.243974, -3.05905, 0.0346136
0.397668, 0.107575, 0.753881, 2.45492, -0.248138, -3.07285, 0.0316709
0.398228, 0.115161, 0.746755, 2.34743, -0.253916, -3.09957, 0.0328021
0.398499, 0.121374, 0.739677, 2.25006, -0.256718, -3.12418, 0.0331294
0.398554, 0.124772, 0.735184, 2.19181, -0.257282, -3.13899, 0.0337085
0.398535, 0.127559, 0.731079, 2.14049, -0.257087, 3.13114, 0.0333272
0.398383, 0.13146, 0.724503, 2.06143, -0.255519, 3.11108, 0.0342358
0.398119, 0.134552, 0.718337, 1.99015, -0.252794, 3.09315, 0.0309353
0.397978, 0.135691, 0.715773, 1.96119, -0.251332, 3.08593, 0.0338304
0.397635, 0.13776, 0.710545, 1.90316, -0.247794, 3.0716, 0.0320077
0.396908, 0.140514, 0.701794, 1.8086, -0.2403, 3.04873, 0.0327757
0.396569, 0.141372, 0.698325, 1.77183, -0.236815, 3.04004, 0.0368892
0.395899, 0.142585, 0.692149, 1.70714, -0.229923, 3.02508, 0.0290298
0.395046, 0.14348, 0.685223, 1.63551, -0.22118, 3.00905, 0.033027
0.394276, 0.143852, 0.679586, 1.57767, -0.213289, 2.99658, 0.0330116
0.393312, 0.143888, 0.67315, 1.51191, -0.203442, 2.98297, 0.0329832
0.392488, 0.143623, 0.668068, 1.46001, -0.195034, 2.9727, 0.0332467
0.39171, 0.143168, 0.66356, 1.41389, -0.187107, 2.96394, 0.0328575
0.390799, 0.142422, 0.658592, 1.36282, -0.177847, 2.95467, 0.0335245
0.389554, 0.141086, 0.652249, 1.29706, -0.16521, 2.94344, 0.0323681
0.388917, 0.140279, 0.64918, 1.26492, -0.158756, 2.93826, 0.0331271
0.388693, 0.139978, 0.648127, 1.25384, -0.156489, 2.93652, 0.0328309
0.388045, 0.139055, 0.645149, 1.2223, -0.149928, 2.9317, 0.0330292
0.387728, 0.138578, 0.643731, 1.20718, -0.146724, 2.92947, 0.0331296
0.387305, 0.137916, 0.641873, 1.18726, -0.14245, 2.9266, 0.0328962
0.385943, 0.135602, 0.636155, 1.12502, -0.128707, 2.91818, 0.0329818
0.384373, 0.132617, 0.630013, 1.05624, -0.112889, 2.90989, 0.0330134
0.382338, 0.128302, 0.622692, 0.97081, -0.0924315, 2.90113, 0.0330525
0.378934, 0.120086, 0.611869, 0.834437, -0.05829, 2.89084, 0.0329068
0.378716, 0.119521, 0.611232, 0.825917, -0.0561089, 2.89036, 0.0330066
0.378716, 0.119521, 0.611232, 0.825917, -0.0561089, 2.89036, 0.0330786
0.378716, 0.119521, 0.611232, 0.825917, -0.0561089, 2.89036, 0.0329626
0.378716, 0.119521, 0.611232, 0.825917, -0.0561089, 2.89036, 0.0329987
0.378716, 0.119521, 0.611232, 0.825917, -0.0561089, 2.89036, 0.0330134
0.378716, 0.119521, 0.611232, 0.825917, -0.0561089, 2.89036, 0.0328549
0.378716, 0.119521, 0.611232, 0.825917, -0.0561089, 2.89036, 0.0331299
0.378716, 0.119521, 0.611232, 0.825917, -0.0561089, 2.89036, 0.0330696
0.378716, 0.119521, 0.611232, 0.825917, -0.0561089, 2.89036, 0.0335032
0.378716, 0.119521, 0.611232, 0.825917, -0.0561089, 2.89036, 0.0132411
0.378716, 0.119521, 0.611232, 0.825917, -0.0561089, 2.89036, 0.725846
0.378737, 0.119517, 0.611229, 0.825917, -0.0561089, 2.89036, 0.0191083
0.363155, 0.122876, 0.613581, 0.825917, -0.0561089, 2.89036, 0.0329865
0.327224, 0.130621, 0.619003, 0.825917, -0.0561089, 2.89036, 0.0333043
0.299933, 0.136503, 0.623121, 0.825917, -0.0561089, 2.89036, 0.0328941
0.273288, 0.142247, 0.627142, 0.825917, -0.0561089, 2.89036, 0.0330024
0.247252, 0.147859, 0.631072, 0.825917, -0.0561089, 2.89036, 0.0330653
0.210428, 0.155796, 0.636629, 0.825917, -0.0561089, 2.89036, 0.0328969
0.201479, 0.157725, 0.637979, 0.825917, -0.0561089, 2.89036, 0.0333787
0.201479, 0.157725, 0.637979, 0.825917, -0.0561089, 2.89036, 0.0326058
0.188208, 0.160586, 0.639982, 0.825917, -0.0561089, 2.89036, 0.0330404
0.172819, 0.163903, 0.642304, 0.825917, -0.0561089, 2.89036, 0.0371638
0.164204, 0.16576, 0.643604, 0.825917, -0.0561089, 2.89036, 0.0367293
0.161847, 0.166268, 0.64396, 0.825917, -0.0561089, 2.89036, 0.0255246
0.153388, 0.168091, 0.645236, 0.825917, -0.0561089, 2.89036, 0.0329635
0.14264, 0.170408, 0.646858, 0.825917, -0.0561089, 2.89036, 0.0328163
0.130102, 0.17311, 0.648751, 0.825917, -0.0561089, 2.89036, 0.0328248
0.115551, 0.176247, 0.650946, 0.825917, -0.0561089, 2.89036, 0.0332016
0.0993171, 0.179746, 0.653396, 0.825917, -0.0561089, 2.89036, 0.0327659
0.0891512, 0.181937, 0.65493, 0.825917, -0.0561089, 2.89036, 0.0329948
0.0812244, 0.183646, 0.656127, 0.825917, -0.0561089, 2.89036, 0.0330609
0.0673081, 0.186646, 0.658227, 0.825917, -0.0561089, 2.89036, 0.0337899
0.0595608, 0.188316, 0.659396, 0.825917, -0.0561089, 2.89036, 0.0332345
0.0595608, 0.188316, 0.659396, 0.825917, -0.0561089, 2.89036, 0.0317464
0.0595608, 0.188316, 0.659396, 0.825917, -0.0561089, 2.89036, 0.0330472
0.0595608, 0.188316, 0.659396, 0.825917, -0.0561089, 2.89036, 0.0329092
0.0595608, 0.188316, 0.659396, 0.825917, -0.0561089, 2.89036, 0.0152179
0.0595608, 0.188316, 0.659396, 0.825917, -0.0561089, 2.89036, 0.00258263
0.0595608, 0.188316, 0.659396, 0.825917, -0.0561089, 2.89036, 0.834738
0.0595607, 0.188314, 0.659397, 0.825917, -0.0561089, 2.89036, 0.00540977
0.0591416, 0.182828, 0.664456, 0.825917, -0.0561089, 2.89036, 0.0330552
0.0585078, 0.174534, 0.672104, 0.825917, -0.0561089, 2.89036, 0.0334844
0.0571724, 0.157055, 0.688221, 0.825917, -0.0561089, 2.89036, 0.0325706
0.0556565, 0.137213, 0.706516, 0.825917, -0.0561089, 2.89036, 0.0329004
0.0542175, 0.118378, 0.723884, 0.825917, -0.0561089, 2.89036, 0.0331997
0.053742, 0.112155, 0.729622, 0.825917, -0.0561089, 2.89036, 0.0328573
0.0531341, 0.104198, 0.736959, 0.825917, -0.0561089, 2.89036, 0.0330507
0.0523988, 0.094574, 0.745833, 0.825917, -0.0561089, 2.89036, 0.0329962
0.0517987, 0.0867189, 0.753076, 0.825917, -0.0561089, 2.89036, 0.0329376
0.0512018, 0.0789068, 0.760279, 0.825917, -0.0561089, 2.89036, 0.0329924
0.0507363, 0.0728131, 0.765898, 0.825917, -0.0561089, 2.89036, 0.0331326
0.0500154, 0.063378, 0.774598, 0.825917, -0.0561089, 2.89036, 0.0357993
0.0492264, 0.0530514, 0.78412, 0.825917, -0.0561089, 2.89036, 0.0339335
0.0484407, 0.0427676, 0.793602, 0.825917, -0.0561089, 2.89036, 0.0398027
0.0481855, 0.0394264, 0.796683, 0.825917, -0.0561089, 2.89036, 0.0235279
0.0479309, 0.0360941, 0.799756, 0.825917, -0.0561089, 2.89036, 0.0320277
0.0474796, 0.0301871, 0.805203, 0.825917, -0.0561089, 2.89036, 0.0328324
0.0471006, 0.0252271, 0.809776, 0.825917, -0.0561089, 2.89036, 0.0329458
0.0469033, 0.0226442, 0.812158, 0.825917, -0.0561089, 2.89036, 0.0334068
0.0465813, 0.0184301, 0.816044, 0.825917, -0.0561089, 2.89036, 0.0326245
0.0463294, 0.0151331, 0.819083, 0.825917, -0.0561089, 2.89036, 0.033125
0.0463294, 0.0151331, 0.819083, 0.825917, -0.0561089, 2.89036, 0.0332605
0.0463294, 0.0151331, 0.819083, 0.825917, -0.0561089, 2.89036, 0.0326233
0.0463294, 0.0151331, 0.819083, 0.825917, -0.0561089, 2.89036, 0.0065427
0.0463294, 0.0151331, 0.819083, 0.825917, -0.0561089, 2.89036, 0.602658
0.0466487, 0.0159644, 0.820012, 0.825917, -0.0561089, 2.89036, 0.018141
0.0466487, 0.0159644, 0.820012, 0.825917, -0.0561089, 2.89036, 0.0326174
0.0466487, 0.0159644, 0.820012, 0.825917, -0.0561089, 2.89036, 0.033093
0.0466487, 0.0159644, 0.820012, 0.825917, -0.0561089, 2.89036, 0.0336967
0.0488766, 0.0217662, 0.826488, 0.825917, -0.0561089, 2.89036, 0.0322378
0.0514074, 0.0283565, 0.833845, 0.825917, -0.0561089, 2.89036, 0.0332963
0.0553664, 0.0386661, 0.845354, 0.825917, -0.0561089, 2.89036, 0.0326421
0.0598741, 0.0504042, 0.858457, 0.825917, -0.0561089, 2.89036, 0.0330272
0.0609848, 0.0532966, 0.861686, 0.825917, -0.0561089, 2.89036, 0.0329803
0.0632635, 0.0592305, 0.868311, 0.825917, -0.0561089, 2.89036, 0.0330939
0.0680136, 0.0716, 0.882119, 0.825917, -0.0561089, 2.89036, 0.0328804
0.0725049, 0.0832956, 0.895175, 0.825917, -0.0561089, 2.89036, 0.0331963
0.0750228, 0.0898526, 0.902495, 0.825917, -0.0561089, 2.89036, 0.0330235
0.0758807, 0.0920865, 0.904989, 0.825917, -0.0561089, 2.89036, 0.0330538
0.0792541, 0.100871, 0.914795, 0.825917, -0.0561089, 2.89036, 0.0330021
0.0828737, 0.110297, 0.925317, 0.825917, -0.0561089, 2.89036, 0.032978
0.0867953, 0.120509, 0.936717, 0.825917, -0.0561089, 2.89036, 0.0329789
0.0893076, 0.127051, 0.94402, 0.825917, -0.0561089, 2.89036, 0.0330167
0.0909542, 0.131339, 0.948807, 0.825917, -0.0561089, 2.89036, 0.0330262
0.0909542, 0.131339, 0.948807, 0.825917, -0.0561089, 2.89036, 0.033517
0.0909542, 0.131339, 0.948807, 0.825917, -0.0561089, 2.89036, 0.0323744
0.0934618, 0.137869, 0.956097, 0.825917, -0.0561089, 2.89036, 0.0337813
0.0954197, 0.142967, 0.961788, 0.825917, -0.0561089, 2.89036, 0.033193
0.0954197, 0.142967, 0.961788, 0.825917, -0.0561089, 2.89036, 0.0326797
0.0954197, 0.142967, 0.961788, 0.825917, -0.0561089, 2.89036, 0.0332986
0.0954197, 0.142967, 0.961788, 0.825917, -0.0561089, 2.89036, 0.0343495
0.0954197, 0.142967, 0.961788, 0.825917, -0.0561089, 2.89036, 0.0337725
0.0954197, 0.142967, 0.961788, 0.825917, -0.0561089, 2.89036, 0.839572
0.0997448, 0.142035, 0.961135, 0.825917, -0.0561089, 2.89036, 0.0152609
0.0954352, 0.142964, 0.961786, 0.825917, -0.0561089, 2.89036, 0.0336304
0.0785182, 0.14661, 0.964339, 0.825917, -0.0561089, 2.89036, 0.0336794
0.0646076, 0.149609, 0.966438, 0.825917, -0.0561089, 2.89036, 0.0319891
0.0359912, 0.155777, 0.970756, 0.825917, -0.0561089, 2.89036, 0.033183
0.00179341, 0.163149, 0.975917, 0.825917, -0.0561089, 2.89036, 0.0328093
-0.0197898, 0.167801, 0.979174, 0.825917, -0.0561089, 2.89036, 0.0329269
-0.0445152, 0.17313, 0.982906, 0.825917, -0.0561089, 2.89036, 0.032894
-0.0579029, 0.176016, 0.984926, 0.825917, -0.0561089, 2.89036, 0.0330364
-0.0757459, 0.179862, 0.987618, 0.825917, -0.0561089, 2.89036, 0.0331048
-0.0966876, 0.184376, 0.990779, 0.825917, -0.0561089, 2.89036, 0.0329505
-0.113737, 0.188051, 0.993352, 0.825917, -0.0561089, 2.89036, 0.0330566
-0.135889, 0.192826, 0.996695, 0.825917, -0.0561089, 2.89036, 0.0329955
-0.158624, 0.197727, 1.00013, 0.825917, -0.0561089, 2.89036, 0.0330644
-0.172404, 0.200697, 1.00221, 0.825917, -0.0561089, 2.89036, 0.0329858
-0.195007, 0.205569, 1.00562, 0.825917, -0.0561089, 2.89036, 0.0336161
-0.218078, 0.210542, 1.0091, 0.825917, -0.0561089, 2.89036, 0.0344646
-0.227872, 0.212653, 1.01058, 0.825917, -0.0561089, 2.89036, 0.0389646
-0.235672, 0.214335, 1.01175, 0.825917, -0.0561089, 2.89036, 0.0332728
-0.252874, 0.218042, 1.01435, 0.825917, -0.0561089, 2.89036, 0.0278515
-0.262222, 0.220057, 1.01576, 0.825917, -0.0561089, 2.89036, 0.0299613
-0.273255, 0.222435, 1.01742, 0.825917, -0.0561089, 2.89036, 0.0330394
-0.285135, 0.224996, 1.01922, 0.825917, -0.0561089, 2.89036, 0.0327865
-0.296811, 0.227513, 1.02098, 0.825917, -0.0561089, 2.89036, 0.0328472
-0.307358, 0.229787, 1.02257, 0.825917, -0.0561089, 2.89036, 0.032953
-0.318673, 0.232225, 1.02428, 0.825917, -0.0561089, 2.89036, 0.0330351
-0.32131, 0.232794, 1.02468, 0.825917, -0.0561089, 2.89036, 0.0330755
-0.328204, 0.23428, 1.02572, 0.825917, -0.0561089, 2.89036, 0.0328796
-0.332426, 0.23519, 1.02635, 0.825917, -0.0561089, 2.89036, 0.0330709
-0.335709, 0.235897, 1.02685, 0.825917, -0.0561089, 2.89036, 0.033367
-0.335709, 0.235897, 1.02685, 0.825917, -0.0561089, 2.89036, 0.0337149
-0.335709, 0.235897, 1.02685, 0.825917, -0.0561089, 2.89036, 0.0360954
-0.335709, 0.235897, 1.02685, 0.825917, -0.0561089, 2.89036, 0.0290901
-0.335709, 0.235897, 1.02685, 0.825917, -0.0561089, 2.89036, 0.032835
-0.335709, 0.235897, 1.02685, 0.825917, -0.0561089, 2.89036, 0.0335766
-0.335709, 0.235897, 1.02685, 0.825917, -0.0561089, 2.89036, 0.0325367
-0.335709, 0.235897, 1.02685, 0.825917, -0.0561089, 2.89036, 0.0436426
-0.335709, 0.235897, 1.02685, 0.825917, -0.0561089, 2.89036, 0.0222378
-0.335709, 0.235897, 1.02685, 0.825917, -0.0561089, 2.89036, 0.0347711
-0.335709, 0.235897, 1.02685, 0.825917, -0.0561089, 2.89036, 0.0313765
-0.338269, 0.236449, 1.02724, 0.825917, -0.0561089, 2.89036, 0.0329661
-0.34915, 0.238795, 1.02888, 0.825917, -0.0561089, 2.89036, 0.034036
-0.367932, 0.242843, 1.03171, 0.825917, -0.0561089, 2.89036, 0.0319267
-0.41685, 0.253388, 1.03909, 0.825917, -0.0561089, 2.89036, 0.0347837
-0.439745, 0.258323, 1.04255, 0.825917, -0.0561089, 2.89036, 0.0318022
-0.468833, 0.264593, 1.04694, 0.825917, -0.0561089, 2.89036, 0.0327359
-0.497957, 0.27087, 1.05133, 0.825917, -0.0561089, 2.89036, 0.0333883
-0.509048, 0.273261, 1.05301, 0.825917, -0.0561089, 2.89036, 0.033116
-0.51303, 0.274119, 1.05361, 0.825917, -0.0561089, 2.89036, 0.0334781
-0.517499, 0.275083, 1.05428, 0.825917, -0.0561089, 2.89036, 0.0332128
-0.517499, 0.275083, 1.05428, 0.825917, -0.0561089, 2.89036, 0.0325823
-0.517499, 0.275083, 1.05428, 0.825917, -0.0561089, 2.89036, 0.0399211
-0.517499, 0.275083, 1.05428, 0.825917, -0.0561089, 2.89036, 0.0358165
-0.517499, 0.275083, 1.05428, 0.825917, -0.0561089, 2.89036, 0.0254709
-0.492608, 0.269717, 1.05053, 0.825917, -0.0561089, 2.89036, 0.0310728
-0.446933, 0.259872, 1.04363, 0.825917, -0.0561089, 2.89036, 0.0322128
-0.36546, 0.24231, 1.03134, 0.825917, -0.0561089, 2.89036, 0.03318
-0.296811, 0.227513, 1.02098, 0.825917, -0.0561089, 2.89036, 0.0329737
-0.218078, 0.210542, 1.0091, 0.825917, -0.0561089, 2.89036, 0.0320212
-0.158624, 0.197727, 1.00013, 0.825917, -0.0561089, 2.89036, 0.0329695
-0.108116, 0.18684, 0.992503, 0.825917, -0.0561089, 2.89036, 0.0337857
-0.0602755, 0.176528, 0.985284, 0.825917, -0.0561089, 2.89036, 0.0324039
-0.00460857, 0.164528, 0.976883, 0.825917, -0.0561089, 2.89036, 0.0328461
0.029314, 0.157216, 0.971764, 0.825917, -0.0561089, 2.89036, 0.0330708
0.0521322, 0.152298, 0.968321, 0.825917, -0.0561089, 2.89036, 0.0328745
0.0785182, 0.14661, 0.964339, 0.825917, -0.0561089, 2.89036, 0.0331377
0.092666, 0.143561, 0.962204, 0.825917, -0.0561089, 2.89036, 0.0331076
0.106961, 0.140479, 0.960046, 0.825917, -0.0561089, 2.89036, 0.0327168
0.128892, 0.135752, 0.956737, 0.825917, -0.0561089, 2.89036, 0.0331737
0.14084, 0.133177, 0.954934, 0.825917, -0.0561089, 2.89036, 0.0330797
0.15591, 0.129928, 0.95266, 0.825917, -0.0561089, 2.89036, 0.0329204
0.179014, 0.124948, 0.949173, 0.825917, -0.0561089, 2.89036, 0.0329408
0.207544, 0.118799, 0.944868, 0.825917, -0.0561089, 2.89036, 0.0332044
0.220482, 0.11601, 0.942915, 0.825917, -0.0561089, 2.89036, 0.0332846
0.231882, 0.113553, 0.941195, 0.825917, -0.0561089, 2.89036, 0.0326453
0.256847, 0.108171, 0.937427, 0.825917, -0.0561089, 2.89036, 0.0328606
0.284292, 0.102256, 0.933286, 0.825917, -0.0561089, 2.89036, 0.0336183
0.301762, 0.0984899, 0.930649, 0.825917, -0.0561089, 2.89036, 0.0326175
0.346709, 0.0888016, 0.923866, 0.825917, -0.0561089, 2.89036, 0.0332835
0.370973, 0.0835715, 0.920205, 0.825917, -0.0561089, 2.89036, 0.0340386
0.419043, 0.0732098, 0.91295, 0.825917, -0.0561089, 2.89036, 0.0483295
0.42893, 0.0710788, 0.911458, 0.825917, -0.0561089, 2.89036, 0.0166329
0.461271, 0.0641076, 0.906578, 0.825917, -0.0561089, 2.89036, 0.0326038
0.481875, 0.0596665, 0.903469, 0.825917, -0.0561089, 2.89036, 0.032815
0.517779, 0.0519272, 0.89805, 0.825917, -0.0561089, 2.89036, 0.0329305
0.535142, 0.0481846, 0.89543, 0.825917, -0.0561089, 2.89036, 0.0330812
0.563932, 0.0419789, 0.891085, 0.825917, -0.0561089, 2.89036, 0.0338404
0.586499, 0.0371146, 0.88768, 0.825917, -0.0561089, 2.89036, 0.0328305
0.616558, 0.0306353, 0.883144, 0.825917, -0.0561089, 2.89036, 0.0323313
0.62118, 0.0296389, 0.882446, 0.825917, -0.0561089, 2.89036, 0.0342129
0.633034, 0.027084, 0.880657, 0.825917, -0.0561089, 2.89036, 0.0323426
0.640222, 0.0255345, 0.879572, 0.825917, -0.0561089, 2.89036, 0.0327693
0.671679, 0.0187539, 0.874825, 0.825917, -0.0561089, 2.89036, 0.0354555
0.688899, 0.0150421, 0.872227, 0.825917, -0.0561089, 2.89036, 0.0316304
0.701374, 0.0123532, 0.870344, 0.825917, -0.0561089, 2.89036, 0.0325116
0.713977, 0.0096365, 0.868442, 0.825917, -0.0561089, 2.89036, 0.0326889
0.726678, 0.00689885, 0.866525, 0.825917, -0.0561089, 2.89036, 0.033061
0.742278, 0.00353613, 0.864171, 0.825917, -0.0561089, 2.89036, 0.03326
0.755253, 0.000739394, 0.862213, 0.825917, -0.0561089, 2.89036, 0.0350906
0.755253, 0.000739394, 0.862213, 0.825917, -0.0561089, 2.89036, 0.0302408
0.768456, -0.0021064, 0.860221, 0.825917, -0.0561089, 2.89036, 0.032819
0.787099, -0.00612496, 0.857407, 0.825917, -0.0561089, 2.89036, 0.033244
0.795205, -0.00787234, 0.856184, 0.825917, -0.0561089, 2.89036, 0.0326226
0.814249, -0.0119771, 0.85331, 0.825917, -0.0561089, 2.89036, 0.0331979
0.830919, -0.0155704, 0.850795, 0.825917, -0.0561089, 2.89036, 0.0328822
0.844856, -0.0185746, 0.848691, 0.825917, -0.0561089, 2.89036, 0.0329962
0.859004, -0.0216242, 0.846556, 0.825917, -0.0561089, 2.89036, 0.0333968
0.887756, -0.0278217, 0.842217, 0.825917, -0.0561089, 2.89036, 0.0325459
0.911168, -0.0328683, 0.838684, 0.825917, -0.0561089, 2.89036, 0.0329138
0.917055, -0.0341372, 0.837796, 0.825917, -0.0561089, 2.89036, 0.0332333
0.947037, -0.0405997, 0.833271, 0.825917, -0.0561089, 2.89036, 0.0328395
0.987216, -0.0492604, 0.827208, 0.825917, -0.0561089, 2.89036, 0.0328932
1.00285, -0.0526307, 0.824848, 0.825917, -0.0561089, 2.89036, 0.0330678
1.01236, -0.0546805, 0.823413, 0.825917, -0.0561089, 2.89036, 0.0331028
1.01236, -0.0546805, 0.823413, 0.825917, -0.0561089, 2.89036, 0.0330886
1.01236, -0.0546805, 0.823413, 0.825917, -0.0561089, 2.89036, 0.0331915
1.01236, -0.0546805, 0.823413, 0.825917, -0.0561089, 2.89036, 0.0327875
1.00285, -0.0526307, 0.824848, 0.825917, -0.0561089, 2.89036, 0.0332313
0.987216, -0.0492604, 0.827208, 0.825917, -0.0561089, 2.89036, 0.0331849
0.956271, -0.0425902, 0.831878, 0.825917, -0.0561089, 2.89036, 0.0324824
0.926054, -0.0360769, 0.836438, 0.825917, -0.0561089, 2.89036, 0.0335167
0.887756, -0.0278217, 0.842217, 0.825917, -0.0561089, 2.89036, 0.0323872
0.864674, -0.0228464, 0.845701, 0.825917, -0.0561089, 2.89036, 0.0329884
0.844856, -0.0185746, 0.848691, 0.825917, -0.0561089, 2.89036, 0.0331151
0.808764, -0.0107949, 0.854138, 0.825917, -0.0561089, 2.89036, 0.0329539
0.795205, -0.00787234, 0.856184, 0.825917, -0.0561089, 2.89036, 0.0329961
0.795205, -0.00787234, 0.856184, 0.825917, -0.0561089, 2.89036, 0.0331597
0.795205, -0.00787234, 0.856184, 0.825917, -0.0561089, 2.89036, 0.0333565
0.760466, -0.000384302, 0.861427, 0.825917, -0.0561089, 2.89036, 0.033666
0.734506, 0.00521143, 0.865344, 0.825917, -0.0561089, 2.89036, 0.0326889
0.696387, 0.0134281, 0.871097, 0.825917, -0.0561089, 2.89036, 0.0333603
0.652191, 0.0229545, 0.877766, 0.825917, -0.0561089, 2.89036, 0.0324308
0.609531, 0.0321499, 0.884204, 0.825917, -0.0561089, 2.89036, 0.032953
0.552811, 0.044376, 0.892764, 0.825917, -0.0561089, 2.89036, 0.0332995
0.488152, 0.0583134, 0.902521, 0.825917, -0.0561089, 2.89036, 0.0343123
0.438919, 0.0689256, 0.909951, 0.825917, -0.0561089, 2.89036, 0.0322744
0.374674, 0.0827736, 0.919646, 0.825917, -0.0561089, 2.89036, 0.0314465
0.324951, 0.0934915, 0.92715, 0.825917, -0.0561089, 2.89036, 0.0329326
0.301762, 0.0984899, 0.930649, 0.825917, -0.0561089, 2.89036, 0.0344988
0.273851, 0.104506, 0.934861, 0.825917, -0.0561089, 2.89036, 0.0318245
0.253553, 0.108881, 0.937924, 0.825917, -0.0561089, 2.89036, 0.0352904
0.223709, 0.115314, 0.942428, 0.825917, -0.0561089, 2.89036, 0.0314466
0.199565, 0.120519, 0.946072, 0.825917, -0.0561089, 2.89036, 0.032
0.166542, 0.127637, 0.951055, 0.825917, -0.0561089, 2.89036, 0.0329604
0.136286, 0.134158, 0.955621, 0.825917, -0.0561089, 2.89036, 0.0330138
0.124442, 0.136711, 0.957408, 0.825917, -0.0561089, 2.89036, 0.0329352
0.114208, 0.138918, 0.958953, 0.825917, -0.0561089, 2.89036, 0.0331707
0.109789, 0.13987, 0.95962, 0.825917, -0.0561089, 2.89036, 0.0329257
0.0997448, 0.142035, 0.961135, 0.825917, -0.0561089, 2.89036, 0.033616
0.0954352, 0.142964, 0.961786, 0.825917, -0.0561089, 2.89036, 0.0324012
0.0954352, 0.142964, 0.961786, 0.825917, -0.0561089, 2.89036, 0.0329205
0.0954352, 0.142964, 0.961786, 0.825917, -0.0561089, 2.89036, 0.0332097
0.0954352, 0.142964, 0.961786, 0.825917, -0.0561089, 2.89036, 0.0119578
